source_path,local_relpath,filename,source_git_blob_sha1,sha256,size_bytes,sample_rate_hz,channels,bits_per_sample,duration_seconds,age_label,age_years_filename,age_group_filename,source_cat_token,published_cat_id,gender_published,target_years_published,duplicate_of,analysis_include,analysis_cat_id,qc_flags
dataset/raw_audio/AudioCropped/0.5Y-022A-F1-01.wav,data/meowagenet/official-3d02295bef15/AudioCropped/0.5Y-022A-F1-01.wav,0.5Y-022A-F1-01.wav,2e16d3a30b3c4e2cd62994c527d0f50944e0356e,89ccbde4c8b4e686acad5f199573bb6c240558c341de5608efc9d1a18d9b6d81,88066,48000,1,16,0.915667,0.5Y,0.500000,adult,022A,022A,F,0.5,,true,022A,
dataset/raw_audio/AudioCropped/0.5Y-022A-F1-02.wav,data/meowagenet/official-3d02295bef15/AudioCropped/0.5Y-022A-F1-02.wav,0.5Y-022A-F1-02.wav,41beaf51e4c90d6a6ed8ed31d7b3d7aa21ca9c12,147639a3f033e21e10d2d60f759198e1595fcb055b7c5a06cc0782ad6ef69cef,35834,48000,1,16,0.371583,0.5Y,0.500000,adult,022A,022A,F,0.5,,true,022A,
dataset/raw_audio/AudioCropped/0.5Y-022A-F1-03.wav,data/meowagenet/official-3d02295bef15/AudioCropped/0.5Y-022A-F1-03.wav,0.5Y-022A-F1-03.wav,27d5ce191e257d43688ae937f9c29bee65121919,0004803131bcd84edc9c1155236c12642d45dbd758eb6f7da63704a89f02d222,84044,48000,1,16,0.873771,0.5Y,0.500000,adult,022A,022A,F,0.5,,true,022A,
dataset/raw_audio/AudioCropped/0.5Y-022A-F1-04.wav,data/meowagenet/official-3d02295bef15/AudioCropped/0.5Y-022A-F1-04.wav,0.5Y-022A-F1-04.wav,45b0c5c25471962e3ea4f4f21e67ebc20784d642,f926631097df592e07504535a698ddecc375426f86042230a19c951d71316ae5,23498,48000,1,16,0.243083,0.5Y,0.500000,adult,022A,022A,F,0.5,,true,022A,
dataset/raw_audio/AudioCropped/0.5Y-022A-F1-06.wav,data/meowagenet/official-3d02295bef15/AudioCropped/0.5Y-022A-F1-06.wav,0.5Y-022A-F1-06.wav,6999979e199b9e547e06ab506f71eab7003f942e,21e711c7d8c7814def0c1c15adbe3bee8395985996eeeac5b40058da90308a93,88964,48000,1,16,0.925021,0.5Y,0.500000,adult,022A,022A,F,0.5,,true,022A,
dataset/raw_audio/AudioCropped/0.5Y-022A-F1-08.wav,data/meowagenet/official-3d02295bef15/AudioCropped/0.5Y-022A-F1-08.wav,0.5Y-022A-F1-08.wav,b4292ff3110e20ff31db246e91def55f5df5b52c,46c063bb183b4dad0b3c7e8f016fa06f65d13a90d64b82fba8fc60c22a0df8ce,70894,48000,1,16,0.736792,0.5Y,0.500000,adult,022A,022A,F,0.5,,true,022A,
dataset/raw_audio/AudioCropped/0.5Y-022A-F1-09.wav,data/meowagenet/official-3d02295bef15/AudioCropped/0.5Y-022A-F1-09.wav,0.5Y-022A-F1-09.wav,e9f775e9fd03321f9b8fbaaf59833b019b8b47a7,d54f0f1c6484865ec8d4472d159323c0b9dd84fe320274e6025e606493097d0b,70480,48000,1,16,0.732479,0.5Y,0.500000,adult,022A,022A,F,0.5,,true,022A,
dataset/raw_audio/AudioCropped/0.5Y-022A-F1-10.wav,data/meowagenet/official-3d02295bef15/AudioCropped/0.5Y-022A-F1-10.wav,0.5Y-022A-F1-10.wav,bd7b343af519828477e0accef256de1e3dc8e4af,aa35ecf0b436a4dfe526ee571ef683582de810af1582abadc27b59724141c8b6,82072,48000,1,16,0.853187,0.5Y,0.500000,adult,022A,022A,F,0.5,,true,022A,
dataset/raw_audio/AudioCropped/0.5Y-022A-F1-11.wav,data/meowagenet/official-3d02295bef15/AudioCropped/0.5Y-022A-F1-11.wav,0.5Y-022A-F1-11.wav,787d0fddbede822c781fd79eeddb52d40b402a32,4e71cbe105f6559b0eb4b5591d7cc058e2176eca1b1507f6e1ce7c384a468d4f,38844,48000,1,16,0.402896,0.5Y,0.500000,adult,022A,022A,F,0.5,,true,022A,
dataset/raw_audio/AudioCropped/0Y-040A-01.wav,data/meowagenet/official-3d02295bef15/AudioCropped/0Y-040A-01.wav,0Y-040A-01.wav,351282bbf69e7d53378179ca2e62c6e162811cf7,9686000930e7e64f9ab1c0449d50293575d72c3bc337b33a075a02aa7c8c8d9e,64462,44100,1,16,0.728798,0Y,0.000000,kitten,040A,040A,X,0,,true,040A,
dataset/raw_audio/AudioCropped/0Y-040A-02.wav,data/meowagenet/official-3d02295bef15/AudioCropped/0Y-040A-02.wav,0Y-040A-02.wav,f936b9839c35c6e298f0c07d03808a837451f189,0659b1786e7c560d74c676c06ad1040af421c3f2876da417976208e36bd7052f,79072,44100,1,16,0.894444,0Y,0.000000,kitten,040A,040A,X,0,,true,040A,
dataset/raw_audio/AudioCropped/0Y-040A-03.wav,data/meowagenet/official-3d02295bef15/AudioCropped/0Y-040A-03.wav,0Y-040A-03.wav,1d5542f5183c5b07b3d52ba3bffa75d21db74fde,a7a9c496c9a089a9965dfcfdd216b8f6a2a18b11de4ace09fd5338ae45a99797,38166,44100,1,16,0.430658,0Y,0.000000,kitten,040A,040A,X,0,,true,040A,
dataset/raw_audio/AudioCropped/0Y-040A-04.wav,data/meowagenet/official-3d02295bef15/AudioCropped/0Y-040A-04.wav,0Y-040A-04.wav,12f25bf716a9820e82af1e3772ae807771487752,e498dc219e68da062336b97ad8ff99bedef9b235e960bdd1e6a37879a0e2a420,39920,44100,1,16,0.450544,0Y,0.000000,kitten,040A,040A,X,0,,true,040A,
dataset/raw_audio/AudioCropped/0Y-040A-05.wav,data/meowagenet/official-3d02295bef15/AudioCropped/0Y-040A-05.wav,0Y-040A-05.wav,e52f18bd4d273357287700b85d775486f40300d4,0fcfb8791d48a591f33e457290fef41340f12419ebf2b66d933609bd3304d01c,63294,44100,1,16,0.715556,0Y,0.000000,kitten,040A,040A,X,0,,true,040A,
dataset/raw_audio/AudioCropped/0Y-040A-06.wav,data/meowagenet/official-3d02295bef15/AudioCropped/0Y-040A-06.wav,0Y-040A-06.wav,9d6dbe6a3565af518e511ecbe758954c588ea287,67767b788f0e706286cc9dafcf429991cd75510745e558f05077609b5e2bea7e,68552,44100,1,16,0.775170,0Y,0.000000,kitten,040A,040A,X,0,,true,040A,
dataset/raw_audio/AudioCropped/0Y-040A-07.wav,data/meowagenet/official-3d02295bef15/AudioCropped/0Y-040A-07.wav,0Y-040A-07.wav,b5ddcc162ae2751d739f1aa1894a63890a3f71b9,10ebcb1b58c376d598349ac33bba36664297b91fd511f3a86e5fd587c3188dc4,46930,44100,1,16,0.530023,0Y,0.000000,kitten,040A,040A,X,0,,true,040A,
dataset/raw_audio/AudioCropped/0Y-040A-08.wav,data/meowagenet/official-3d02295bef15/AudioCropped/0Y-040A-08.wav,0Y-040A-08.wav,07dd068dc8de42a9216a5278a37c41fc4866fd67,abd4fc0ade6f7e24a90db715f507340132491403265c5931f9e619d297737094,49854,44100,1,16,0.563175,0Y,0.000000,kitten,040A,040A,X,0,,true,040A,
dataset/raw_audio/AudioCropped/0Y-040A-09.wav,data/meowagenet/official-3d02295bef15/AudioCropped/0Y-040A-09.wav,0Y-040A-09.wav,57ff9f7259087eb46b1748d56edf497f20356d7e,bd4aa2f2ad0d542ce65ae9339a683e7badda54179a95e8cd2d46ad1991b71f6c,55696,44100,1,16,0.629410,0Y,0.000000,kitten,040A,040A,X,0,,true,040A,
dataset/raw_audio/AudioCropped/0Y-040A-10.wav,data/meowagenet/official-3d02295bef15/AudioCropped/0Y-040A-10.wav,0Y-040A-10.wav,48369cdb71a32fc075acc16fb858ddad26732cb8,ec6a0b7367e7aad410b54f37340aa6b6ca85cb104c3c666a5fe199c956fd4cb7,30572,44100,1,16,0.344512,0Y,0.000000,kitten,040A,040A,X,0,,true,040A,
dataset/raw_audio/AudioCropped/0Y-041A-01.wav,data/meowagenet/official-3d02295bef15/AudioCropped/0Y-041A-01.wav,0Y-041A-01.wav,150d44a3907b2b411233145f4b024f235c0ae940,855159f5b2c4c427a739fc864494a04b741f8c868bc8cafee988749c69d70d70,25736,44100,1,16,0.291293,0Y,0.000000,kitten,041A,041A,X,0,,true,041A,exact_audio_duplicate_canonical_copy
dataset/raw_audio/AudioCropped/0Y-043A-01.wav,data/meowagenet/official-3d02295bef15/AudioCropped/0Y-043A-01.wav,0Y-043A-01.wav,a407fcf712b6af4935be62cb4e7065be9cc04b9f,b9e30d65de34501cd5756bff2761462bd56294f76e4c290d6a96e9da9baf5e57,58168,44100,1,16,0.659002,0Y,0.000000,kitten,043A,043A,X,0,,true,043A,
dataset/raw_audio/AudioCropped/0Y-047A-01.wav,data/meowagenet/official-3d02295bef15/AudioCropped/0Y-047A-01.wav,0Y-047A-01.wav,13ccb8829a27562d5b73017bc5b2893fd9d64c69,8da03b394fe445ffeb835e6fa5f478e47f6eaabdf2377e3811249f362190dd54,109328,44100,1,16,1.237347,0Y,0.000000,kitten,047A,047A,X,0,,true,047A,
dataset/raw_audio/AudioCropped/0Y-047A-02.wav,data/meowagenet/official-3d02295bef15/AudioCropped/0Y-047A-02.wav,0Y-047A-02.wav,c3b1c9b465fcd90c94e93ccbf8bda40cb8d39565,765c8584e7ac52db740e9fa519a358011614ee9840727511a53839b89e203469,84882,44100,1,16,0.960181,0Y,0.000000,kitten,047A,047A,X,0,,true,047A,
dataset/raw_audio/AudioCropped/0Y-047A-03.wav,data/meowagenet/official-3d02295bef15/AudioCropped/0Y-047A-03.wav,0Y-047A-03.wav,e391b89c36d799543f43627fc93f16ce017995f5,7647bfadb092ef079fb3199bfa08ef87f6828ba4fbe95c81dbc1edbfd610b7fd,90724,44100,1,16,1.026417,0Y,0.000000,kitten,047A,047A,X,0,,true,047A,
dataset/raw_audio/AudioCropped/0Y-047A-04.wav,data/meowagenet/official-3d02295bef15/AudioCropped/0Y-047A-04.wav,0Y-047A-04.wav,c5f918e552381bc7206fba6945866dfa7e661a43,b86ba9b577ffd4175b6e1d863c6fa8e3ee3e1798b84e9e6cc6bb6291625b25e3,114084,44100,1,16,1.291270,0Y,0.000000,kitten,047A,047A,X,0,,true,047A,
dataset/raw_audio/AudioCropped/0Y-047A-05.wav,data/meowagenet/official-3d02295bef15/AudioCropped/0Y-047A-05.wav,0Y-047A-05.wav,b860b6fde7710a2982d8363844321f997c43bb9f,beeb9565a4b14b109b30b87f89e4b9445645831df26a12500f3a8ece54c1bfee,87804,44100,1,16,0.993311,0Y,0.000000,kitten,047A,047A,X,0,,true,047A,
dataset/raw_audio/AudioCropped/0Y-047A-06.wav,data/meowagenet/official-3d02295bef15/AudioCropped/0Y-047A-06.wav,0Y-047A-06.wav,fa4c0f6f56c3117a15d29e184494f4297bcae618,ad3c423e61135b166e06beafd5e106f554d5e844f83921a91d81a71eba00500b,84884,44100,1,16,0.960204,0Y,0.000000,kitten,047A,047A,X,0,,true,047A,
dataset/raw_audio/AudioCropped/0Y-047A-07.wav,data/meowagenet/official-3d02295bef15/AudioCropped/0Y-047A-07.wav,0Y-047A-07.wav,079a9be8b9703f8654b0314afa89b73c7003428a,ed43496e81bc06984a788953441957e6391a1f05dbf7371a718e786503c9bcdc,73200,44100,1,16,0.827732,0Y,0.000000,kitten,047A,047A,X,0,,true,047A,
dataset/raw_audio/AudioCropped/0Y-047A-08.wav,data/meowagenet/official-3d02295bef15/AudioCropped/0Y-047A-08.wav,0Y-047A-08.wav,5d9a00fb60bd6abf7917092b5e1bff801f279fd1,86018b64967295bfe658e4af8743f85c62b0873220c481cd6be3f68b116cd82d,67362,44100,1,16,0.761542,0Y,0.000000,kitten,047A,047A,X,0,,true,047A,
dataset/raw_audio/AudioCropped/0Y-047A-09.wav,data/meowagenet/official-3d02295bef15/AudioCropped/0Y-047A-09.wav,0Y-047A-09.wav,0dc77d83c9f3962a683786185e7c4442e922c4e3,9db13e6de6021bcaf1a5383b0c69006a8b6efe17f8ccb7cb70b507c3a830a4b9,111164,44100,1,16,1.258163,0Y,0.000000,kitten,047A,047A,X,0,,true,047A,
dataset/raw_audio/AudioCropped/0Y-047A-10.wav,data/meowagenet/official-3d02295bef15/AudioCropped/0Y-047A-10.wav,0Y-047A-10.wav,9d7501971c722bf4cedff760cfefb86e836e794c,d542aa483c617a41b73a2a43973999d3a2bbe1d9b7b28b781cad4dd68f1da68d,81964,44100,1,16,0.927075,0Y,0.000000,kitten,047A,047A,X,0,,true,047A,
dataset/raw_audio/AudioCropped/0Y-047A-11.wav,data/meowagenet/official-3d02295bef15/AudioCropped/0Y-047A-11.wav,0Y-047A-11.wav,77d10ce5de1e29cd918a2cea27e34c5c3d0570bd,362f3cc83157fe94ba7b50a858b59986ce5d5c5ac03d7620a3b7ad78d2e2c6a9,90726,44100,1,16,1.026417,0Y,0.000000,kitten,047A,047A,X,0,,true,047A,
dataset/raw_audio/AudioCropped/0Y-047A-12.wav,data/meowagenet/official-3d02295bef15/AudioCropped/0Y-047A-12.wav,0Y-047A-12.wav,c18c764591f10ccb4abc8744ebfadcee263cfa7f,3076496b2b99d44f6de4263bafd8cca7dd0aa1c6387ab37e25046ae25959a542,84884,44100,1,16,0.960181,0Y,0.000000,kitten,047A,047A,X,0,,true,047A,
dataset/raw_audio/AudioCropped/0Y-047A-13.wav,data/meowagenet/official-3d02295bef15/AudioCropped/0Y-047A-13.wav,0Y-047A-13.wav,a3808a46dbb821ef0948cdd31be84fd5c1b0291d,6e846110978b13f7660d4185ee539f5bd2eb1632dbf7190b15406ae903bec056,87804,44100,1,16,0.993288,0Y,0.000000,kitten,047A,047A,X,0,,true,047A,
dataset/raw_audio/AudioCropped/0Y-047A-14.wav,data/meowagenet/official-3d02295bef15/AudioCropped/0Y-047A-14.wav,0Y-047A-14.wav,f2dd8eb2dfe236cd1f5f93e40b76a7753810a1bb,f1f63b9800be280565e6255eaf51cfedf0976e0eec73677faf3e883dbe004279,73204,44100,1,16,0.827755,0Y,0.000000,kitten,047A,047A,X,0,,true,047A,
dataset/raw_audio/AudioCropped/0Y-047A-15.wav,data/meowagenet/official-3d02295bef15/AudioCropped/0Y-047A-15.wav,0Y-047A-15.wav,3bc218d8d84b88b90890d8c63a31226bae674f62,a911ae5ca693521e7d2d40f36c06075e6798ba194d13a61702cbd18ea31d9f93,70284,44100,1,16,0.794649,0Y,0.000000,kitten,047A,047A,X,0,,true,047A,
dataset/raw_audio/AudioCropped/0Y-047A-16.wav,data/meowagenet/official-3d02295bef15/AudioCropped/0Y-047A-16.wav,0Y-047A-16.wav,c28bf98000b8bf154c5eb80dbc3e8396bc6b076f,480cb3385d9f8da47a41433a138e1a8503e8b5f515d7c9346247b33455bbc03a,76122,44100,1,16,0.860839,0Y,0.000000,kitten,047A,047A,X,0,,true,047A,
dataset/raw_audio/AudioCropped/0Y-047A-17.wav,data/meowagenet/official-3d02295bef15/AudioCropped/0Y-047A-17.wav,0Y-047A-17.wav,482427ad08b2ab6dad2856e689ec3cc001583836,ddace6ac0d935e108efebfe470a708463ef6cbd18dcee1a2e4ae8d0bcc83877b,76124,44100,1,16,0.860862,0Y,0.000000,kitten,047A,047A,X,0,,true,047A,
dataset/raw_audio/AudioCropped/0Y-047A-18.wav,data/meowagenet/official-3d02295bef15/AudioCropped/0Y-047A-18.wav,0Y-047A-18.wav,c6d7f7622c0eee3ee8c2bc3f3d85c82f865974a2,85b823b2c9fa8754812327b56a97380d5858760886f9311acf6624ed045383ab,61522,44100,1,16,0.695306,0Y,0.000000,kitten,047A,047A,X,0,,true,047A,
dataset/raw_audio/AudioCropped/0Y-047A-19.wav,data/meowagenet/official-3d02295bef15/AudioCropped/0Y-047A-19.wav,0Y-047A-19.wav,42bee390269982aa37af20089cc79c5254471a5b,210797e183ec9a057701dfe327ac1302c7ed0f33bd83b600635c3690cec20be7,73204,44100,1,16,0.827755,0Y,0.000000,kitten,047A,047A,X,0,,true,047A,
dataset/raw_audio/AudioCropped/0Y-047A-20.wav,data/meowagenet/official-3d02295bef15/AudioCropped/0Y-047A-20.wav,0Y-047A-20.wav,b7de1a41ee663f84b51b815de3e37db3b73398b2,36bd01cadc256bec93bf8547f3a0ae879dfebf2befb3575ebc08c69cb5638b5b,81964,44100,1,16,0.927075,0Y,0.000000,kitten,047A,047A,X,0,,true,047A,
dataset/raw_audio/AudioCropped/0Y-047A-21.wav,data/meowagenet/official-3d02295bef15/AudioCropped/0Y-047A-21.wav,0Y-047A-21.wav,6baba2094ac5e6ef80befaea288effd75cb7d9fa,cdf0c762b35f4ba0c9780b84c7fbcb2222c51e022b54b772fc4669466abe9085,96566,44100,1,16,1.092630,0Y,0.000000,kitten,047A,047A,X,0,,true,047A,
dataset/raw_audio/AudioCropped/0Y-047A-22.wav,data/meowagenet/official-3d02295bef15/AudioCropped/0Y-047A-22.wav,0Y-047A-22.wav,036eee6754bb713733a0be139a86ff179379aefd,1e2f4431a6b031604d028a7b6ce154514e9705a81ac8febc8d2172714797e779,73204,44100,1,16,0.827755,0Y,0.000000,kitten,047A,047A,X,0,,true,047A,
dataset/raw_audio/AudioCropped/0Y-048A.wav,data/meowagenet/official-3d02295bef15/AudioCropped/0Y-048A.wav,0Y-048A.wav,53bcf3797385d5f054c625dbfc83e2a012685bba,e418b7f1e4b96516ac892766e44447de55fe82e9856aeaae802c3937a9c331fc,69246,44100,1,16,0.783084,0Y,0.000000,kitten,048A,048A,X,0,,true,048A,
dataset/raw_audio/AudioCropped/0Y-049A.wav,data/meowagenet/official-3d02295bef15/AudioCropped/0Y-049A.wav,0Y-049A.wav,150d44a3907b2b411233145f4b024f235c0ae940,855159f5b2c4c427a739fc864494a04b741f8c868bc8cafee988749c69d70d70,25736,44100,1,16,0.291293,0Y,0.000000,kitten,049A,049A,X,0,dataset/raw_audio/AudioCropped/0Y-041A-01.wav,false,041A,exact_audio_duplicate_excluded_from_clean_analysis
dataset/raw_audio/AudioCropped/0Y-050A-01.wav,data/meowagenet/official-3d02295bef15/AudioCropped/0Y-050A-01.wav,0Y-050A-01.wav,9fbcbcb8379381811b3eb16b32c36f54bc8d4a48,ac499f3fe256495387fd22e8b8f0f02c1fcfb1f0ee1e66b733e119a2e0dad0d9,159850,44100,1,16,1.810340,0Y,0.000000,kitten,050A,050A,X,0,,true,050A,
dataset/raw_audio/AudioCropped/0Y-050A-02.wav,data/meowagenet/official-3d02295bef15/AudioCropped/0Y-050A-02.wav,0Y-050A-02.wav,54dfae582d73e4e713aaca85c395d9dcba6b5839,5914b33bfc5ae9bbf2e2a7384a6dd37f5df11afb1109fede6db56f5e57be5642,63134,44100,1,16,0.713787,0Y,0.000000,kitten,050A,050A,X,0,,true,050A,
dataset/raw_audio/AudioCropped/0Y-050A-03.wav,data/meowagenet/official-3d02295bef15/AudioCropped/0Y-050A-03.wav,0Y-050A-03.wav,be4f93aa34d3263c2cee82c25c35f4ccdb8185ec,4f4db39ef06d734580a815400ea380b27a1aa779b4972a8906182ea1098bd4e8,60396,44100,1,16,0.682744,0Y,0.000000,kitten,050A,050A,X,0,,true,050A,
dataset/raw_audio/AudioCropped/0Y-050A-04.wav,data/meowagenet/official-3d02295bef15/AudioCropped/0Y-050A-04.wav,0Y-050A-04.wav,0c2bdbba7dd64d583d2f615870117507dd3ab94b,33f5b6a59d30a51b086e48878e87e7156b73eeb3c46eeadfb4a44da3d0b9e866,54466,44100,1,16,0.615510,0Y,0.000000,kitten,050A,050A,X,0,,true,050A,
dataset/raw_audio/AudioCropped/0Y-050A-05.wav,data/meowagenet/official-3d02295bef15/AudioCropped/0Y-050A-05.wav,0Y-050A-05.wav,aa654d54ecbbb1467f71887e7d8a9f2d93483187,907060c9cd3d101383ee3647ffe16695f61fd39cfe529e9279c2d2d3e9224e14,55836,44100,1,16,0.631043,0Y,0.000000,kitten,050A,050A,X,0,,true,050A,
dataset/raw_audio/AudioCropped/0Y-109A-X1-01.wav,data/meowagenet/official-3d02295bef15/AudioCropped/0Y-109A-X1-01.wav,0Y-109A-X1-01.wav,eb47dba896fceddd2f529db2607b66450b718f58,65a391580ef1fd9c2e2f09d8cba3f874d566d4b26591e76490760797693e134c,70630,48000,1,16,0.733125,0Y,0.000000,kitten,109A,109A,X,0,,true,109A,
dataset/raw_audio/AudioCropped/0Y-109A-X1-02.wav,data/meowagenet/official-3d02295bef15/AudioCropped/0Y-109A-X1-02.wav,0Y-109A-X1-02.wav,224240ce793160105ba1d4176a2398fea6672388,0e9a835db362ce46540473f3530b7141f8058f8503472b9d45173c5df5432a11,104768,48000,1,16,1.088729,0Y,0.000000,kitten,109A,109A,X,0,,true,109A,
dataset/raw_audio/AudioCropped/0Y-109A-X1-03.wav,data/meowagenet/official-3d02295bef15/AudioCropped/0Y-109A-X1-03.wav,0Y-109A-X1-03.wav,324cbcca43112f28e0f10e468d977206b442832d,6fd7dfe34b4c6fa99d7af30315da38fff3c06f400ea4c856972d0fcfe1238caf,76976,48000,1,16,0.799229,0Y,0.000000,kitten,109A,109A,X,0,,true,109A,
dataset/raw_audio/AudioCropped/0Y-109A-X1-04.wav,data/meowagenet/official-3d02295bef15/AudioCropped/0Y-109A-X1-04.wav,0Y-109A-X1-04.wav,0ad3beced7314a50a64eca5f53fc3c038e065eea,678317b3b708445adb0efce28b06053e824cb212a8c1f97ddc7fbb0a9bb88b92,56928,48000,1,16,0.590396,0Y,0.000000,kitten,109A,109A,X,0,,true,109A,
dataset/raw_audio/AudioCropped/0Y-109A-X1-05.wav,data/meowagenet/official-3d02295bef15/AudioCropped/0Y-109A-X1-05.wav,0Y-109A-X1-05.wav,c2d56139e424aeae6567263c85db1cd50d7c6470,ac60fac426b608d00498bb865fd98200705503422e97e7aef8607e11bf1f7c76,66678,48000,1,16,0.691958,0Y,0.000000,kitten,109A,109A,X,0,,true,109A,
dataset/raw_audio/AudioCropped/0Y-110A-X1.wav,data/meowagenet/official-3d02295bef15/AudioCropped/0Y-110A-X1.wav,0Y-110A-X1.wav,c9d39329bcaceef6399c67af60594c8f3492bcfb,0de0e02f7d53847c967bb793c3284915cdd13d966ba0b2542eb88a641549326d,53350,44100,1,16,0.604376,0Y,0.000000,kitten,110A,110A,X,0,,true,110A,
dataset/raw_audio/AudioCropped/0Y-111A-X1-01.wav,data/meowagenet/official-3d02295bef15/AudioCropped/0Y-111A-X1-01.wav,0Y-111A-X1-01.wav,78712f48c505a32aa8e2d1fa16c30431f172d48e,39d34c1d6f5c111aea8c35851cf3e98a73867ef9bb47e16c96449ab217f2237e,65286,44100,1,16,0.738095,0Y,0.000000,kitten,111A,111A,X,0,,true,111A,
dataset/raw_audio/AudioCropped/0Y-111A-X1-02.wav,data/meowagenet/official-3d02295bef15/AudioCropped/0Y-111A-X1-02.wav,0Y-111A-X1-02.wav,0c67dc66da7027874007cd44c190a6ce83999d70,50043f654a67903d4aee16d73ed48d9559fc104cfe332d65ab01794f3782ce6b,38506,44100,1,16,0.434467,0Y,0.000000,kitten,111A,111A,X,0,,true,111A,
dataset/raw_audio/AudioCropped/0Y-111A-X1-03.wav,data/meowagenet/official-3d02295bef15/AudioCropped/0Y-111A-X1-03.wav,0Y-111A-X1-03.wav,e21b14ae9ded4b9c77b78389130ba108a6354130,bc803383441cda180a38434d23aa36022969c11fa3c7ddac457bb9638c890f0f,42764,44100,1,16,0.482744,0Y,0.000000,kitten,111A,111A,X,0,,true,111A,
dataset/raw_audio/AudioCropped/0Y-111A-X1-04.wav,data/meowagenet/official-3d02295bef15/AudioCropped/0Y-111A-X1-04.wav,0Y-111A-X1-04.wav,68e318cbf7d82bc0950ede8511d23cc2fd94bbb4,d63b76f3232241ba815c4b2b2accf6dfa74f05850f5189ad50b8c1168f848de8,58764,44100,1,16,0.664150,0Y,0.000000,kitten,111A,111A,X,0,,true,111A,
dataset/raw_audio/AudioCropped/0Y-111A-X1-05.wav,data/meowagenet/official-3d02295bef15/AudioCropped/0Y-111A-X1-05.wav,0Y-111A-X1-05.wav,90072f9afe41ae6453a71f78798999bf0056ae30,78d8887a741329e2c74cd139ace83198c5aad41a053337a2e6a4ab544fd9345e,64668,44100,1,16,0.731088,0Y,0.000000,kitten,111A,111A,X,0,,true,111A,
dataset/raw_audio/AudioCropped/0Y-111A-X1-06.wav,data/meowagenet/official-3d02295bef15/AudioCropped/0Y-111A-X1-06.wav,0Y-111A-X1-06.wav,d95443ad3ace1b57259971611e24d3aa03ae9393,940c5ce9231fb0e67660302ea378a8c506ba9523f2a952eb0afbdc1c33b65201,64548,44100,1,16,0.729728,0Y,0.000000,kitten,111A,111A,X,0,,true,111A,
dataset/raw_audio/AudioCropped/0Y-111A-X1-07.wav,data/meowagenet/official-3d02295bef15/AudioCropped/0Y-111A-X1-07.wav,0Y-111A-X1-07.wav,ce52fc7828f90ab82b4fe22b4e590b50a35f939a,248cdb54f5cc4a3c2b49b0c22f71b787a576bcc66db176404eb562bd5839c4ed,44252,44100,1,16,0.499615,0Y,0.000000,kitten,111A,111A,X,0,,true,111A,
dataset/raw_audio/AudioCropped/0Y-111A-X1-08.wav,data/meowagenet/official-3d02295bef15/AudioCropped/0Y-111A-X1-08.wav,0Y-111A-X1-08.wav,e30012785b73414635ee5f89394ef4dc9c7e76d6,84007e6f732406518eac39c1b850a8fe730f18271c6a6bb6c7f28b964a704f53,95224,44100,1,16,1.077528,0Y,0.000000,kitten,111A,111A,X,0,,true,111A,
dataset/raw_audio/AudioCropped/0Y-111A-X1-09.wav,data/meowagenet/official-3d02295bef15/AudioCropped/0Y-111A-X1-09.wav,0Y-111A-X1-09.wav,84c0f5b53019fc022487be7b3e1f199fd759cb55,c364eb8d419004ffd15f3b8a617459547a6f85d63987459aeba8dc969c57e57d,35894,44100,1,16,0.404853,0Y,0.000000,kitten,111A,111A,X,0,,true,111A,
dataset/raw_audio/AudioCropped/0Y-111A-X1-10.wav,data/meowagenet/official-3d02295bef15/AudioCropped/0Y-111A-X1-10.wav,0Y-111A-X1-10.wav,8e95f4eb2716c678aabce192b9aa0ffcb8d7dca9,af3d4e462e01ca25f5819dda0dff0c85ad8cb989a5f85dd3013ab97687cd5abd,76276,44100,1,16,0.862653,0Y,0.000000,kitten,111A,111A,X,0,,true,111A,
dataset/raw_audio/AudioCropped/0Y-111A-X1-11.wav,data/meowagenet/official-3d02295bef15/AudioCropped/0Y-111A-X1-11.wav,0Y-111A-X1-11.wav,b405dad35396a70915f5e3f6f39fdca73af8bca5,9f1946ac9d2a943572f7269b3ba1782e00847701530b8bbd6a6c5c1f14c89dd4,24858,44100,1,16,0.279683,0Y,0.000000,kitten,111A,111A,X,0,,true,111A,
dataset/raw_audio/AudioCropped/0Y-111A-X1-12.wav,data/meowagenet/official-3d02295bef15/AudioCropped/0Y-111A-X1-12.wav,0Y-111A-X1-12.wav,87f4b5c9c46bbec117272bf138f0e6f61dbc362d,dfcc66c14ed3611e646213130d3c4c9ca184875792d15e4ee5ab72d585c01086,51654,44100,1,16,0.583492,0Y,0.000000,kitten,111A,111A,X,0,,true,111A,
dataset/raw_audio/AudioCropped/0Y-115A-X1.wav,data/meowagenet/official-3d02295bef15/AudioCropped/0Y-115A-X1.wav,0Y-115A-X1.wav,839c66e55eb0a4cae3e5991c84c9fa8bcbfd4709,0f0b05f8c86f94fa6ba949e86dcde89d1cec9353f8212488684f1ab88570bf79,46008,44100,1,16,0.520408,0Y,0.000000,kitten,115A,115A,X,0,,true,115A,
dataset/raw_audio/AudioCropped/0Y-3month-042A-01.wav,data/meowagenet/official-3d02295bef15/AudioCropped/0Y-3month-042A-01.wav,0Y-3month-042A-01.wav,ff98d9aa46a4f75bbcfe2de9faba3cce1db33763,42b2ea91486a71ded98702e65e5e519e94da17326045b11f539e89c85ae261bb,71488,48000,1,16,0.742271,0Y-3month,0.250000,kitten,042A,042A,X,0,,true,042A,
dataset/raw_audio/AudioCropped/0Y-3month-042A-02.wav,data/meowagenet/official-3d02295bef15/AudioCropped/0Y-3month-042A-02.wav,0Y-3month-042A-02.wav,f091b48f658d7f35bcdf2af9e55552ffe3d0b24b,014a387c00ca7e3eb871684ec99667bf4451591bd884245bb37dfb08f3a91eed,97128,48000,1,16,1.009354,0Y-3month,0.250000,kitten,042A,042A,X,0,,true,042A,
dataset/raw_audio/AudioCropped/0Y-3month-042A-03.wav,data/meowagenet/official-3d02295bef15/AudioCropped/0Y-3month-042A-03.wav,0Y-3month-042A-03.wav,93c1b0b84b1af38d692f33e693df5cd7125b0937,7caa4e2a1b47276f7c999dde5aca917dca777f4c1757e7bbbeb128f7e95942ec,73018,48000,1,16,0.758208,0Y-3month,0.250000,kitten,042A,042A,X,0,,true,042A,
dataset/raw_audio/AudioCropped/0Y-3month-042A-04.wav,data/meowagenet/official-3d02295bef15/AudioCropped/0Y-3month-042A-04.wav,0Y-3month-042A-04.wav,d10cc4a05a941addd479f864375bb6426c5b0e37,44df2758a8ffb3b34b26f1399e4024c3aa7e4b2fb9dd82f588be95f4982b4df8,36354,48000,1,16,0.376292,0Y-3month,0.250000,kitten,042A,042A,X,0,,true,042A,
dataset/raw_audio/AudioCropped/0Y-3month-042A-05.wav,data/meowagenet/official-3d02295bef15/AudioCropped/0Y-3month-042A-05.wav,0Y-3month-042A-05.wav,e02beaea04d5d91e85edf74aefa0e2f6b94a78b7,da14ee077dabd4fcfe2e0c408b3454fa5d26016f8c1f31489ebeb3a8d82b7a26,48574,48000,1,16,0.503583,0Y-3month,0.250000,kitten,042A,042A,X,0,,true,042A,
dataset/raw_audio/AudioCropped/0Y-3month-042A-06.wav,data/meowagenet/official-3d02295bef15/AudioCropped/0Y-3month-042A-06.wav,0Y-3month-042A-06.wav,cade915c9e0dbb72e143e743d9168a124b1dd067,0fd69f77ec2df8b321b16a127a57faa366e0f6cfbed81320645a478522016f1c,59168,48000,1,16,0.613938,0Y-3month,0.250000,kitten,042A,042A,X,0,,true,042A,
dataset/raw_audio/AudioCropped/0Y-3month-042A-07.wav,data/meowagenet/official-3d02295bef15/AudioCropped/0Y-3month-042A-07.wav,0Y-3month-042A-07.wav,3f8650a7c9cdaad12ceef0f05b134febeba2f70b,0264d1a12b3c07f3b4cb9c70596e3f3d1545477cc3405f275f6067c4f1be0bf7,108328,48000,1,16,1.126021,0Y-3month,0.250000,kitten,042A,042A,X,0,,true,042A,
dataset/raw_audio/AudioCropped/0Y-3month-042A-08.wav,data/meowagenet/official-3d02295bef15/AudioCropped/0Y-3month-042A-08.wav,0Y-3month-042A-08.wav,548a3912a2bdb03a36b92725997b312080b854dc,5883cf5e21c560f18d7d0d6c28cfae86c14392503fd993ab819df528a2dab6d7,76550,48000,1,16,0.795000,0Y-3month,0.250000,kitten,042A,042A,X,0,,true,042A,
dataset/raw_audio/AudioCropped/0Y-3month-042A-09.wav,data/meowagenet/official-3d02295bef15/AudioCropped/0Y-3month-042A-09.wav,0Y-3month-042A-09.wav,26789b2e6488e2546eebf889159c6d20da36cc8e,a89ec0ad3def774a61f0cb9b9f6ad4a017aa926b6b81dcdcad3e96463c340551,59982,48000,1,16,0.622417,0Y-3month,0.250000,kitten,042A,042A,X,0,,true,042A,
dataset/raw_audio/AudioCropped/0Y-3month-042A-10.wav,data/meowagenet/official-3d02295bef15/AudioCropped/0Y-3month-042A-10.wav,0Y-3month-042A-10.wav,4d3135b4a529fb08d1e9256e49f87d69352d0202,511df5a157270ba119703f06ab6737515d640576506eccd76df4b899bea364ca,130328,48000,1,16,1.355167,0Y-3month,0.250000,kitten,042A,042A,X,0,,true,042A,
dataset/raw_audio/AudioCropped/0Y-3month-042A-11.wav,data/meowagenet/official-3d02295bef15/AudioCropped/0Y-3month-042A-11.wav,0Y-3month-042A-11.wav,783cea055e84e9cd74a5c6d0cba930163d014c11,bdf62e022fea68313d4183253d8098a0294dfbf827c2d8cfe85a14d280881037,62970,48000,1,16,0.653521,0Y-3month,0.250000,kitten,042A,042A,X,0,,true,042A,
dataset/raw_audio/AudioCropped/0Y-5wks-014B-X1-01.wav,data/meowagenet/official-3d02295bef15/AudioCropped/0Y-5wks-014B-X1-01.wav,0Y-5wks-014B-X1-01.wav,33fee90f048dc0f25e71938a2a8c03b087c27984,492e7e5b166b12a31d3e1d09680aa339fb275e4c4b38603443dfeb5f2d299d45,72736,48000,1,16,0.756021,0Y-5wks,0.096154,kitten,014B,014B,X,0,,true,014B,
dataset/raw_audio/AudioCropped/0Y-5wks-014B-X1-02.wav,data/meowagenet/official-3d02295bef15/AudioCropped/0Y-5wks-014B-X1-02.wav,0Y-5wks-014B-X1-02.wav,8f7532e78f59cae88bb330743d6e80658170d8bd,d1bafaa07bf518060682b39656d6afc08c2be67c1d6dcca98adffa9b77eaf8ba,61054,48000,1,16,0.634333,0Y-5wks,0.096154,kitten,014B,014B,X,0,,true,014B,
dataset/raw_audio/AudioCropped/0Y-5wks-014B-X1-03.wav,data/meowagenet/official-3d02295bef15/AudioCropped/0Y-5wks-014B-X1-03.wav,0Y-5wks-014B-X1-03.wav,89e83337cc8d0096f5538c25e65cad2bf548a00f,fe31a03558fe361222d87077e90d7d90c0bcf125464e28451e6522ff1f90e64a,59750,48000,1,16,0.620750,0Y-5wks,0.096154,kitten,014B,014B,X,0,,true,014B,
dataset/raw_audio/AudioCropped/0Y-5wks-014B-X1-04.wav,data/meowagenet/official-3d02295bef15/AudioCropped/0Y-5wks-014B-X1-04.wav,0Y-5wks-014B-X1-04.wav,aaf93cfc04d3ada37bf4ab9ca28b3635e082ad36,ec27ebb2f695ce5517481e2d4e3b6f3fc68e0fb69bb6772d84b699f991df527b,35556,48000,1,16,0.368729,0Y-5wks,0.096154,kitten,014B,014B,X,0,,true,014B,
dataset/raw_audio/AudioCropped/0Y-5wks-014B-X1-05.wav,data/meowagenet/official-3d02295bef15/AudioCropped/0Y-5wks-014B-X1-05.wav,0Y-5wks-014B-X1-05.wav,8059f28403a1f61b1f4e9e7abd4424510d8ddf1a,a1312985d0852b4329a627d644c655fecfda8e0838bb28301e950497ffd0f0d2,41008,48000,1,16,0.425521,0Y-5wks,0.096154,kitten,014B,014B,X,0,,true,014B,
dataset/raw_audio/AudioCropped/0Y-5wks-014B-X1-06.wav,data/meowagenet/official-3d02295bef15/AudioCropped/0Y-5wks-014B-X1-06.wav,0Y-5wks-014B-X1-06.wav,47e9df4bd7c5d5d06cc8df8376ac8c478eccac5e,d11a4ec475f8463123b84e54254ad00368d18538c3cd8818faa9d6137847b5ea,39640,48000,1,16,0.411271,0Y-5wks,0.096154,kitten,014B,014B,X,0,,true,014B,
dataset/raw_audio/AudioCropped/0Y-5wks-014B-X2-01.wav,data/meowagenet/official-3d02295bef15/AudioCropped/0Y-5wks-014B-X2-01.wav,0Y-5wks-014B-X2-01.wav,85984be365db7c1c70ca43435b185287ca3b8fc1,79404efa8ffd3fc160aef54d2b06c6d58df122cb7f8e85df8cc4af79ae5cc6fa,8254,48000,1,16,0.084375,0Y-5wks,0.096154,kitten,014B,014B,X,0,,true,014B,
dataset/raw_audio/AudioCropped/0Y-5wks-014B-X2-02.wav,data/meowagenet/official-3d02295bef15/AudioCropped/0Y-5wks-014B-X2-02.wav,0Y-5wks-014B-X2-02.wav,e0d6454b3b8dc929b1af03ea3e9828e22e86fc55,8c866262715917b441ea251296f9881c0ce8e0610e6a409a9ada142ea3e0c088,12924,48000,1,16,0.133021,0Y-5wks,0.096154,kitten,014B,014B,X,0,,true,014B,
dataset/raw_audio/AudioCropped/0Y-5wks-014B-X2-03.wav,data/meowagenet/official-3d02295bef15/AudioCropped/0Y-5wks-014B-X2-03.wav,0Y-5wks-014B-X2-03.wav,31ce33fc49d02927e6fa3783b7c6f3792d8b339b,7ae90efc5bf2da33b32fcc43b78b14073c39b21dc2555b7d9e672be370a1446a,18522,48000,1,16,0.191333,0Y-5wks,0.096154,kitten,014B,014B,X,0,,true,014B,
dataset/raw_audio/AudioCropped/0Y-5wks-014B-X2-04.wav,data/meowagenet/official-3d02295bef15/AudioCropped/0Y-5wks-014B-X2-04.wav,0Y-5wks-014B-X2-04.wav,163494eabed1a10e0421ca580a01af536c9654cf,5a5c8294fe74cd3f8a2fce2f3a4412d28dc77c132478b63db4578dd3bb35eced,14676,48000,1,16,0.151271,0Y-5wks,0.096154,kitten,014B,014B,X,0,,true,014B,
dataset/raw_audio/AudioCropped/0Y-6wks-044A-01-2.wav,data/meowagenet/official-3d02295bef15/AudioCropped/0Y-6wks-044A-01-2.wav,0Y-6wks-044A-01-2.wav,c0163bdee1ef3dd605decead8b2d551cdd488b9c,8cee238219e34865856b4f657024ab82636e252701d9903fa078b15de03f43ee,57070,44100,1,16,0.644853,0Y-6wks,0.115385,kitten,044A,044A,X,0,,true,044A,
dataset/raw_audio/AudioCropped/0Y-6wks-044A-02-2.wav,data/meowagenet/official-3d02295bef15/AudioCropped/0Y-6wks-044A-02-2.wav,0Y-6wks-044A-02-2.wav,abc656a65e6c3f346162fe572c3e1e2bee8b9c42,83f2292aeaea1b837b526175812293f1e39ef5a11968e05a79966eb1057801bc,63004,44100,1,16,0.712132,0Y-6wks,0.115385,kitten,044A,044A,X,0,,true,044A,
dataset/raw_audio/AudioCropped/0Y-6wks-044A-03-2.wav,data/meowagenet/official-3d02295bef15/AudioCropped/0Y-6wks-044A-03-2.wav,0Y-6wks-044A-03-2.wav,418a33042bfa206ba0b6e738fa7b7a9bf05de78e,f57e8bd97c1fb5708534d6bb356cca9b0f4aa86047b054b8fb9cdc3402d5ecfa,75120,44100,1,16,0.849501,0Y-6wks,0.115385,kitten,044A,044A,X,0,,true,044A,
dataset/raw_audio/AudioCropped/0Y-6wks-044A-04-2.wav,data/meowagenet/official-3d02295bef15/AudioCropped/0Y-6wks-044A-04-2.wav,0Y-6wks-044A-04-2.wav,c725572bfda70e1a20c519d181b51c3c1df32946,afea440018d3c442a3eb4e27cd9e9f61b1e00760b23b2e2b13f6fd291c38fc7a,73892,44100,1,16,0.835578,0Y-6wks,0.115385,kitten,044A,044A,X,0,,true,044A,
dataset/raw_audio/AudioCropped/0Y-6wks-044A-05-2.wav,data/meowagenet/official-3d02295bef15/AudioCropped/0Y-6wks-044A-05-2.wav,0Y-6wks-044A-05-2.wav,55c1270eea4bce253d82d04f300b9a955b206002,fae1a7da837c5bce5b0402a703dce92f0a33e357b25eea23fab1d97e511ed614,51474,44100,1,16,0.581406,0Y-6wks,0.115385,kitten,044A,044A,X,0,,true,044A,
dataset/raw_audio/AudioCropped/0Y-8week-045A-01.wav,data/meowagenet/official-3d02295bef15/AudioCropped/0Y-8week-045A-01.wav,0Y-8week-045A-01.wav,6c703d1258fc576b0c172d33669aa419ce24fc32,682e6590f1307775529cbce74c16dfec5a8dd0419214ac4010fea0d74720f2b7,96318,44100,1,16,1.089796,0Y-8week,0.153846,kitten,045A,045A,X,0,,true,045A,
dataset/raw_audio/AudioCropped/0Y-8week-045A-02.wav,data/meowagenet/official-3d02295bef15/AudioCropped/0Y-8week-045A-02.wav,0Y-8week-045A-02.wav,a21aadbde0d6b5d930dbde2071cfb7061cb26298,6c3d847cb53a42fc802b37f0159c37693279be0d5e9e3a0d11433862e1340bac,116154,44100,1,16,1.314694,0Y-8week,0.153846,kitten,045A,045A,X,0,,true,045A,
dataset/raw_audio/AudioCropped/0Y-8week-045A-03.wav,data/meowagenet/official-3d02295bef15/AudioCropped/0Y-8week-045A-03.wav,0Y-8week-045A-03.wav,827829fb2379056cc35906d438c915534764acf9,1c361bcf7fa34e7654a4e888bb4948b4abeb6be939bc6e37e75cb044d7d22a56,108524,44100,1,16,1.228186,0Y-8week,0.153846,kitten,045A,045A,X,0,,true,045A,
dataset/raw_audio/AudioCropped/0Y-8week-045A-04.wav,data/meowagenet/official-3d02295bef15/AudioCropped/0Y-8week-045A-04.wav,0Y-8week-045A-04.wav,fc0c373a1637de4028c33dbed605c4688f5420f8,37fe10277fc81c0a210e2e234b5dc9f7ef7e33e9b08b0757e15c513e257a56c9,153194,44100,1,16,1.734649,0Y-8week,0.153846,kitten,045A,045A,X,0,,true,045A,
dataset/raw_audio/AudioCropped/0Y-8week-046A-01.wav,data/meowagenet/official-3d02295bef15/AudioCropped/0Y-8week-046A-01.wav,0Y-8week-046A-01.wav,a85cea37419f8d427080cad1c40d1921da0a1d80,b7176e671097a3c04fdb0ebf4eaf1e97ce362c1a60e0551f6978a6dbaaa20c4a,40002,16000,1,16,1.244125,0Y-8week,0.153846,kitten,046A,046A,X,0,,true,046A,
dataset/raw_audio/AudioCropped/0Y-8week-046A-02.wav,data/meowagenet/official-3d02295bef15/AudioCropped/0Y-8week-046A-02.wav,0Y-8week-046A-02.wav,9f60b0ece1bba87c17d04462f9e63f483ad73777,dee4ffb90a5678962ef982c551ef36a8e34c55709ef2ec25f66d4545154d4ebf,18504,16000,1,16,0.572313,0Y-8week,0.153846,kitten,046A,046A,X,0,,true,046A,
dataset/raw_audio/AudioCropped/0Y-8week-046A-03.wav,data/meowagenet/official-3d02295bef15/AudioCropped/0Y-8week-046A-03.wav,0Y-8week-046A-03.wav,c8378e62aa53128b97c382dfc880b7c74c992982,88b520a85a536d714af2c2df4a8dc909d34aef7fe50abd3d247ffd8c6ea4e5bf,8550,16000,1,16,0.261250,0Y-8week,0.153846,kitten,046A,046A,X,0,,true,046A,
dataset/raw_audio/AudioCropped/0Y-8week-046A-04.wav,data/meowagenet/official-3d02295bef15/AudioCropped/0Y-8week-046A-04.wav,0Y-8week-046A-04.wav,14fe518b3e991f5314b6d3100c33e2340e980dd0,8a88582506b47f94b86b619cbb958b3b19c1bafd049488f0b945c971cbffb9fc,17708,16000,1,16,0.547438,0Y-8week,0.153846,kitten,046A,046A,X,0,,true,046A,
dataset/raw_audio/AudioCropped/0Y-8week-046A-05.wav,data/meowagenet/official-3d02295bef15/AudioCropped/0Y-8week-046A-05.wav,0Y-8week-046A-05.wav,647841e3defd4f87f007bcb0bfc0dcfd818edfc6,5f8ffa02b9a2afbc5334453fe30f70ec70afaa22906cb6a640ab0d422e0969b6,18106,16000,1,16,0.559875,0Y-8week,0.153846,kitten,046A,046A,X,0,,true,046A,
dataset/raw_audio/AudioCropped/0Y-8week-046A-06.wav,data/meowagenet/official-3d02295bef15/AudioCropped/0Y-8week-046A-06.wav,0Y-8week-046A-06.wav,2725de3552e6789447d597f06285d850bf0d70a2,5d706805c86470e0b5406754855c4838c40f65efef2de5f302122080c4aee851,18902,16000,1,16,0.584750,0Y-8week,0.153846,kitten,046A,046A,X,0,,true,046A,
dataset/raw_audio/AudioCropped/0Y-8week-046A-07.wav,data/meowagenet/official-3d02295bef15/AudioCropped/0Y-8week-046A-07.wav,0Y-8week-046A-07.wav,05672f2cfdd843433e4da41a70e41af10eaf8d1f,0b8388a5a3911c0ea996e3a443108089acffb2a359687e5b3cc1079126c79db8,13728,16000,1,16,0.423063,0Y-8week,0.153846,kitten,046A,046A,X,0,,true,046A,
dataset/raw_audio/AudioCropped/0Y-8week-046A-08.wav,data/meowagenet/official-3d02295bef15/AudioCropped/0Y-8week-046A-08.wav,0Y-8week-046A-08.wav,d706f381b8ed2a2f43f79a03c1edb99204626e38,0408bfb68694ff44bdf06391299900a306e28fc23fde6d48dc0d2657f085ef24,23282,16000,1,16,0.721625,0Y-8week,0.153846,kitten,046A,046A,X,0,,true,046A,
dataset/raw_audio/AudioCropped/0Y-8week-046A-09.wav,data/meowagenet/official-3d02295bef15/AudioCropped/0Y-8week-046A-09.wav,0Y-8week-046A-09.wav,1a016d9ad2cc6dcedd99a428c7cd0a9817967aff,a640064896d03a169fa1727a30c64e56b184a9e6f680fcae4c6b0070e204602f,47170,16000,1,16,1.468125,0Y-8week,0.153846,kitten,046A,046A,X,0,,true,046A,
dataset/raw_audio/AudioCropped/0Y-8week-046A-10.wav,data/meowagenet/official-3d02295bef15/AudioCropped/0Y-8week-046A-10.wav,0Y-8week-046A-10.wav,326af5246e04bb8bb1c89aa43257cd15b1233004,dd46c6818ee6505d2a181e8b57b5991ba65dae7b7aa02b05221f30182355abfc,33240,16000,1,16,1.032687,0Y-8week,0.153846,kitten,046A,046A,X,0,,true,046A,
dataset/raw_audio/AudioCropped/0Y-8week-046A-11.wav,data/meowagenet/official-3d02295bef15/AudioCropped/0Y-8week-046A-11.wav,0Y-8week-046A-11.wav,ef49fcc5fdbafa6b1508d84e26f7631ed871591e,4afe6777b12fb3e0c1ff0cb8f1d2dbed0eb89adc3335452d541280182fdc21ec,17314,16000,1,16,0.535000,0Y-8week,0.153846,kitten,046A,046A,X,0,,true,046A,
dataset/raw_audio/AudioCropped/0Y-8week-046A-12.wav,data/meowagenet/official-3d02295bef15/AudioCropped/0Y-8week-046A-12.wav,0Y-8week-046A-12.wav,8e09516d3e7ef04581329a06ff06984871b7c2db,0455bba75e9666028f0c61e051627617277b66773230d91e0af43c9a9db596e7,22490,16000,1,16,0.696750,0Y-8week,0.153846,kitten,046A,046A,X,0,,true,046A,
dataset/raw_audio/AudioCropped/0Y-8week-046A-13.wav,data/meowagenet/official-3d02295bef15/AudioCropped/0Y-8week-046A-13.wav,0Y-8week-046A-13.wav,79b2c1ed30f0c89b3abdacd39dcca8442c6ec56f,ed271db03d3ea9883e4369957430f237726414687613609c8c1057022b32ab5e,22092,16000,1,16,0.684312,0Y-8week,0.153846,kitten,046A,046A,X,0,,true,046A,
dataset/raw_audio/AudioCropped/0Y-8week-046A-14.wav,data/meowagenet/official-3d02295bef15/AudioCropped/0Y-8week-046A-14.wav,0Y-8week-046A-14.wav,899ba752c5f4faa568f78fa58ef289a833e82979,801d5d6f794e1f16d98df409a94199c5f267b121b817b83952ef239e8af878de,18906,16000,1,16,0.584750,0Y-8week,0.153846,kitten,046A,046A,X,0,,true,046A,
dataset/raw_audio/AudioCropped/0Y-8week-046A-15.wav,data/meowagenet/official-3d02295bef15/AudioCropped/0Y-8week-046A-15.wav,0Y-8week-046A-15.wav,284af160a01ffbc1bab6aca020dc791a61da6ded,20aa1a9bce3e2fb3e069dd9f6045803971369f059cdfe0374e028008cd4078b7,26470,16000,1,16,0.821125,0Y-8week,0.153846,kitten,046A,046A,X,0,,true,046A,
dataset/raw_audio/AudioCropped/0Y-8week-046A-16.wav,data/meowagenet/official-3d02295bef15/AudioCropped/0Y-8week-046A-16.wav,0Y-8week-046A-16.wav,9290d5ffca991863cd8eb75a2752cf85cf5fcd65,d8cd4b7cf4b39d0bfb225520e56da16f7f38ad35170d2a61081163971b1a6539,17712,16000,1,16,0.547438,0Y-8week,0.153846,kitten,046A,046A,X,0,,true,046A,
dataset/raw_audio/AudioCropped/0Y-8week-046A-17.wav,data/meowagenet/official-3d02295bef15/AudioCropped/0Y-8week-046A-17.wav,0Y-8week-046A-17.wav,370977158a92bff7b50b33406f8159adc8738a63,220476afc407359b9198b511275f2027fac845f016a89e00ce9474494043b191,114212,16000,1,16,3.563063,0Y-8week,0.153846,kitten,046A,046A,X,0,,true,046A,
dataset/raw_audio/AudioCropped/0Y-8week-046A-18.wav,data/meowagenet/official-3d02295bef15/AudioCropped/0Y-8week-046A-18.wav,0Y-8week-046A-18.wav,f24c123053494e9946b4d2505998b8b25d59f57c,b71fba4a9be5212a7757245dbed5bdd24cdfcc4a8853b76501995633a39edac4,26376,16000,1,16,0.818187,0Y-8week,0.153846,kitten,046A,046A,X,0,,true,046A,
dataset/raw_audio/AudioCropped/0Y-8week-046A-19.wav,data/meowagenet/official-3d02295bef15/AudioCropped/0Y-8week-046A-19.wav,0Y-8week-046A-19.wav,90806b7253274008a0698ef9d5785f0794fae68b,ecb7b973dd9eb657efa474b212b0e785b340ebc5a394e67a199e18bb12044a27,17368,16000,1,16,0.536687,0Y-8week,0.153846,kitten,046A,046A,X,0,,true,046A,
dataset/raw_audio/AudioCropped/0Y-8week-046A-20.wav,data/meowagenet/official-3d02295bef15/AudioCropped/0Y-8week-046A-20.wav,0Y-8week-046A-20.wav,8acd0f5687a0a6fee53d25fdab08d4f4cdbc262b,52c3be7371027263645b34c2dc2c5781661260d17feef80122c4562ff63d08fd,17086,16000,1,16,0.527875,0Y-8week,0.153846,kitten,046A,046A,X,0,,true,046A,
dataset/raw_audio/AudioCropped/0Y-8week-046A-21.wav,data/meowagenet/official-3d02295bef15/AudioCropped/0Y-8week-046A-21.wav,0Y-8week-046A-21.wav,86416af5712dfa21797395279b9e184c0d4edd94,a5e2d4cf7bb5686e70e27ab7a2a04ff8eaece92a165da8480c23d5f7658b26ee,8078,16000,1,16,0.246375,0Y-8week,0.153846,kitten,046A,046A,X,0,,true,046A,
dataset/raw_audio/AudioCropped/0Y-8week-046A-22.wav,data/meowagenet/official-3d02295bef15/AudioCropped/0Y-8week-046A-22.wav,0Y-8week-046A-22.wav,89f15074649e2ac759c31e68fd4f3682c1f6b4c3,1078cd6266c89096b2fcb32868c5420d793dcf67ce17a2325b92381bf5789e59,21026,16000,1,16,0.651000,0Y-8week,0.153846,kitten,046A,046A,X,0,,true,046A,
dataset/raw_audio/AudioCropped/0Y-8week-046A-23.wav,data/meowagenet/official-3d02295bef15/AudioCropped/0Y-8week-046A-23.wav,0Y-8week-046A-23.wav,d70fcc2d006cb12bbf596732aaf69e7b8cdabd2e,afe0a52fd84b66e3478fbb353d1b4292944f0d299ba9345817ad3bfe213113a1,23278,16000,1,16,0.721375,0Y-8week,0.153846,kitten,046A,046A,X,0,,true,046A,
dataset/raw_audio/AudioCropped/0Y-8week-046A-24.wav,data/meowagenet/official-3d02295bef15/AudioCropped/0Y-8week-046A-24.wav,0Y-8week-046A-24.wav,52937e49fd8475f3d8de3e41cfa00034ab7a86dd,be70b912df9b0bc603b766ce8a90b766fe1f9fe6b0a48207128b9d03fbfeeac9,20182,16000,1,16,0.624625,0Y-8week,0.153846,kitten,046A,046A,X,0,,true,046A,
dataset/raw_audio/AudioCropped/0Y-8week-046A-25.wav,data/meowagenet/official-3d02295bef15/AudioCropped/0Y-8week-046A-25.wav,0Y-8week-046A-25.wav,da14c066e85c1bb367090edddad7b256cca90011,a88f79bb3500276a664ee979ab18ce813208a131acfd0e762f1c379477c400b3,23562,16000,1,16,0.730250,0Y-8week,0.153846,kitten,046A,046A,X,0,,true,046A,
dataset/raw_audio/AudioCropped/0Y-8week-046A-26.wav,data/meowagenet/official-3d02295bef15/AudioCropped/0Y-8week-046A-26.wav,0Y-8week-046A-26.wav,1b8bbcd34b9c078309cbf2400cb3e151f9248507,49e532832780976429351d6ed4bc34f4a7f85e5735a269c5e8e7cd49e042e8f8,17368,16000,1,16,0.536687,0Y-8week,0.153846,kitten,046A,046A,X,0,,true,046A,
dataset/raw_audio/AudioCropped/0Y-8week-046A-27.wav,data/meowagenet/official-3d02295bef15/AudioCropped/0Y-8week-046A-27.wav,0Y-8week-046A-27.wav,687f3cfb93ff46212f4a399dd9eb7d7e8ec0201f,042ab4d58548bdcf3c5d668b72b097c0eea26b1383e83e9ffe273b5ade0cbf09,24970,16000,1,16,0.774250,0Y-8week,0.153846,kitten,046A,046A,X,0,,true,046A,
dataset/raw_audio/AudioCropped/0Y-8week-046A-28.wav,data/meowagenet/official-3d02295bef15/AudioCropped/0Y-8week-046A-28.wav,0Y-8week-046A-28.wav,6c806b5ba766f1661a877b87ec55e2b25cc44143,6ce072c0d564df1f43a227e6f5f853728ff69ba68efff89222b0b3627fbcb072,16804,16000,1,16,0.519062,0Y-8week,0.153846,kitten,046A,046A,X,0,,true,046A,
dataset/raw_audio/AudioCropped/0Y-8week-046A-29.wav,data/meowagenet/official-3d02295bef15/AudioCropped/0Y-8week-046A-29.wav,0Y-8week-046A-29.wav,edf447a94273ff820cc47cfe7f31a70598be8808,ca80c36b1d2f7205ec9405a63816e8e234637a7e2302301a0881bc89690ed914,23844,16000,1,16,0.739062,0Y-8week,0.153846,kitten,046A,046A,X,0,,true,046A,
dataset/raw_audio/AudioCropped/0Y-8week-046A-30.wav,data/meowagenet/official-3d02295bef15/AudioCropped/0Y-8week-046A-30.wav,0Y-8week-046A-30.wav,2a506c793c4c35d8827c934dd2d648e363a7f5b9,bbbc261f172dbf3611b08a49a925a3988764dd873dc02c38e6fd2e5f4e9ca2fd,29472,16000,1,16,0.914937,0Y-8week,0.153846,kitten,046A,046A,X,0,,true,046A,
dataset/raw_audio/AudioCropped/0Y-8week-046A-31.wav,data/meowagenet/official-3d02295bef15/AudioCropped/0Y-8week-046A-31.wav,0Y-8week-046A-31.wav,8af37d594bad393958296f5d92356d0d88121a22,7827a665a54d62eb0c7e241ab4bf11ef23ac55ff1301c6d88caf5a68e66cc42c,27502,16000,1,16,0.853375,0Y-8week,0.153846,kitten,046A,046A,X,0,,true,046A,
dataset/raw_audio/AudioCropped/0Y-8week-046A-32.wav,data/meowagenet/official-3d02295bef15/AudioCropped/0Y-8week-046A-32.wav,0Y-8week-046A-32.wav,21acbc9f629b871e103ea48c7fba47d8d4b20b19,bc6b70ff833fc2bfdf79cf0814c57eaefef150821e5abc294258dca44507a1c8,25530,16000,1,16,0.791750,0Y-8week,0.153846,kitten,046A,046A,X,0,,true,046A,
dataset/raw_audio/AudioCropped/0Y-8week-046A-33.wav,data/meowagenet/official-3d02295bef15/AudioCropped/0Y-8week-046A-33.wav,0Y-8week-046A-33.wav,9be14464d066afa54388adced7fc99c91854a593,76574002e483270cd04ccb27a5e4755c5643cbe1a25961a2e1bb7468d32b240c,31444,16000,1,16,0.976563,0Y-8week,0.153846,kitten,046A,046A,X,0,,true,046A,
dataset/raw_audio/AudioCropped/0Y-8week-046A-34.wav,data/meowagenet/official-3d02295bef15/AudioCropped/0Y-8week-046A-34.wav,0Y-8week-046A-34.wav,4e2034a91a745116c0a4db147ec4de4f5386e155,4175fdcf8931c25f34b73bcf1dc0a4dc1bb6cc5b5e383defd368a0becd4992f0,20464,16000,1,16,0.633437,0Y-8week,0.153846,kitten,046A,046A,X,0,,true,046A,
dataset/raw_audio/AudioCropped/0Y-8week-046A-35.wav,data/meowagenet/official-3d02295bef15/AudioCropped/0Y-8week-046A-35.wav,0Y-8week-046A-35.wav,03df2647473b007332a23e26434121a2bb38aca9,343f789ff1e03936566449a7766ddbb7d06d2ea3e4b629289cfb43f7b586ebb3,30318,16000,1,16,0.941375,0Y-8week,0.153846,kitten,046A,046A,X,0,,true,046A,
dataset/raw_audio/AudioCropped/0Y-8week-046A-36.wav,data/meowagenet/official-3d02295bef15/AudioCropped/0Y-8week-046A-36.wav,0Y-8week-046A-36.wav,e57dfd4c1e3adf636eb50b686cf4993760704e92,6e14758f5d2de2f6f0f82f269a0164fd82cb0159430cdb589d70662782bc99e1,32570,16000,1,16,1.011750,0Y-8week,0.153846,kitten,046A,046A,X,0,,true,046A,
dataset/raw_audio/AudioCropped/0Y-8week-046A-37.wav,data/meowagenet/official-3d02295bef15/AudioCropped/0Y-8week-046A-37.wav,0Y-8week-046A-37.wav,4e96beccae692c43c401499c67f0e1be7ca7a44c,baec37e1f7a976cb00d4de2e8cb42221b87b30aa6f4da7b2e26d26fd3890ea80,39326,16000,1,16,1.222875,0Y-8week,0.153846,kitten,046A,046A,X,0,,true,046A,
dataset/raw_audio/AudioCropped/0Y-8week-046A-38.wav,data/meowagenet/official-3d02295bef15/AudioCropped/0Y-8week-046A-38.wav,0Y-8week-046A-38.wav,2fa51afb90dd1ad3d04e2127c72543aac0457519,dfce25c80cb93ec3de0a4207e8fda96d4163d7855072e228e736fdcad7bdc433,19058,16000,1,16,0.589500,0Y-8week,0.153846,kitten,046A,046A,X,0,,true,046A,
dataset/raw_audio/AudioCropped/0Y-8week-046A-39.wav,data/meowagenet/official-3d02295bef15/AudioCropped/0Y-8week-046A-39.wav,0Y-8week-046A-39.wav,7c8f12ced0f0e2dcda3e00623c2da2e67f8cf514,9eb5f25d08dd2f240c2a672c72d1131f6b1b26d587311cd63ff48402eab4bfe1,20746,16000,1,16,0.642250,0Y-8week,0.153846,kitten,046A,046A,X,0,,true,046A,
dataset/raw_audio/AudioCropped/0Y-8week-046A-40.wav,data/meowagenet/official-3d02295bef15/AudioCropped/0Y-8week-046A-40.wav,0Y-8week-046A-40.wav,ed550fcb3ee78ce29b3ea49065d2d0e3f6f0acd3,86a113408d56a6e19ea6f60713ef918c231e4e025ddf7f9a9f94299550ef9c4a,23280,16000,1,16,0.721437,0Y-8week,0.153846,kitten,046A,046A,X,0,,true,046A,
dataset/raw_audio/AudioCropped/0Y-8week-046A-41.wav,data/meowagenet/official-3d02295bef15/AudioCropped/0Y-8week-046A-41.wav,0Y-8week-046A-41.wav,d00acb8d92c9015905f23176f7c64555db3ce028,a7da7b19ce1ef2d0da5f0089ecb27be4b75df1c221f866d1ebe0c797ac08de22,20746,16000,1,16,0.642250,0Y-8week,0.153846,kitten,046A,046A,X,0,,true,046A,
dataset/raw_audio/AudioCropped/0Y-8week-046A-42.wav,data/meowagenet/official-3d02295bef15/AudioCropped/0Y-8week-046A-42.wav,0Y-8week-046A-42.wav,b51efcc788c88d2ab6cd6414a0e9a07da7bdb894,accc3e11652282b5a9a99a9dc28bdca27a563c999fe340cc0f6c9fe491fe24a5,17086,16000,1,16,0.527875,0Y-8week,0.153846,kitten,046A,046A,X,0,,true,046A,
dataset/raw_audio/AudioCropped/0Y-8week-046A-43.wav,data/meowagenet/official-3d02295bef15/AudioCropped/0Y-8week-046A-43.wav,0Y-8week-046A-43.wav,25e4a13c918e0f7d75e7a31d57ae67d522db2aac,b8c727447dcc131518d4b7f22d446e089b4eaa500016a428b893a556fd11e488,16522,16000,1,16,0.510250,0Y-8week,0.153846,kitten,046A,046A,X,0,,true,046A,
dataset/raw_audio/AudioCropped/0Y-8week-046A-44.wav,data/meowagenet/official-3d02295bef15/AudioCropped/0Y-8week-046A-44.wav,0Y-8week-046A-44.wav,1c4368e7dcc10240d062df4334a04930401dee21,ab7eb446df71c718be742479d3bdf5e77d2dc2e590976132493e9758694c5699,18492,16000,1,16,0.571812,0Y-8week,0.153846,kitten,046A,046A,X,0,,true,046A,
dataset/raw_audio/AudioCropped/0Y-8week-046A-45.wav,data/meowagenet/official-3d02295bef15/AudioCropped/0Y-8week-046A-45.wav,0Y-8week-046A-45.wav,cfd400e02ceedd5c5b58f0eade2edf4fb49192bb,0dec77a3fb5c8545e470be0f07abff0acd965c1b31f70e7cce03b5dcf866fde6,141802,16000,1,16,4.425250,0Y-8week,0.153846,kitten,046A,046A,X,0,,true,046A,
dataset/raw_audio/AudioCropped/1.5Y-014A-F1-NC-01.wav,data/meowagenet/official-3d02295bef15/AudioCropped/1.5Y-014A-F1-NC-01.wav,1.5Y-014A-F1-NC-01.wav,0919211fc0d15c54fb7edc6da5f4a7c0fde1e140,bd8db59a416407d02ade432aeaab9f5a86e46ed5272d9e62969a2e5268b64e2b,69032,48000,1,16,0.717562,1.5Y,1.500000,adult,014A,014A,F,1.5,,true,014A,
dataset/raw_audio/AudioCropped/1.5Y-014A-F1-NC-02.wav,data/meowagenet/official-3d02295bef15/AudioCropped/1.5Y-014A-F1-NC-02.wav,1.5Y-014A-F1-NC-02.wav,feeebeeb9bd400036660698238922d9165d9609b,54598ab52eb48f8f843dd556b6402747a25f136e8662def3f47302e1ee4d13c6,65950,48000,1,16,0.685458,1.5Y,1.500000,adult,014A,014A,F,1.5,,true,014A,
dataset/raw_audio/AudioCropped/1.5Y-014A-F1-NC-03.wav,data/meowagenet/official-3d02295bef15/AudioCropped/1.5Y-014A-F1-NC-03.wav,1.5Y-014A-F1-NC-03.wav,9390d2865290189dc879583308023230cda7e80b,fea15241cfd009c95d17b95f9a7da56a649f6653e7b336322eb37c17e91a8dee,26814,48000,1,16,0.277792,1.5Y,1.500000,adult,014A,014A,F,1.5,,true,014A,
dataset/raw_audio/AudioCropped/10Y-001A-M1-01.wav,data/meowagenet/official-3d02295bef15/AudioCropped/10Y-001A-M1-01.wav,10Y-001A-M1-01.wav,840d2e2b55ff388adf35f2f2962c2e3fd19d78ab,a37532b2fee08d8cfafd392ae8960c3e29d32b2e96b33dc0afee0348c65c376f,121142,48000,1,16,1.261437,10Y,10.000000,senior,001A,001A,M,10,,true,001A,
dataset/raw_audio/AudioCropped/10Y-001A-M2-01.wav,data/meowagenet/official-3d02295bef15/AudioCropped/10Y-001A-M2-01.wav,10Y-001A-M2-01.wav,d32b0b57e0f8da927aa2022d4c79ad73b35d91ec,cb354d7e03001b7b70ab53b67aa837cdbd4dd2f0a9cc166af261600a45123ee6,104386,48000,1,16,1.086896,10Y,10.000000,senior,001A,001A,M,10,,true,001A,
dataset/raw_audio/AudioCropped/10Y-001A-M3-01.wav,data/meowagenet/official-3d02295bef15/AudioCropped/10Y-001A-M3-01.wav,10Y-001A-M3-01.wav,793265f5003f0d63dd47a346334eed71004e457e,8d63ea03e1c7b6d8eca9bca9189eab91e40a620d8349f0f59cd4af4565cced99,110092,48000,1,16,1.146333,10Y,10.000000,senior,001A,001A,M,10,,true,001A,
dataset/raw_audio/AudioCropped/10Y-001A-M4-01.wav,data/meowagenet/official-3d02295bef15/AudioCropped/10Y-001A-M4-01.wav,10Y-001A-M4-01.wav,d9be4fdb365d6c9dc5be2b1b38ab3bb67feca566,d77d0f27424513029bf0087ae3a95d59e4bd5000bdeb90bf426bdb830857d659,100944,48000,1,16,1.051042,10Y,10.000000,senior,001A,001A,M,10,,true,001A,
dataset/raw_audio/AudioCropped/10Y-001A-M5-01.wav,data/meowagenet/official-3d02295bef15/AudioCropped/10Y-001A-M5-01.wav,10Y-001A-M5-01.wav,ad4a2a06a45fa653114e969d236b7c259b414c6b,f900db90cc08b5d58f27fcc697d328d361574ac6b8786975642cb59e04b0bbad,84906,48000,1,16,0.883979,10Y,10.000000,senior,001A,001A,M,10,,true,001A,
dataset/raw_audio/AudioCropped/10Y-001A-M6-01.wav,data/meowagenet/official-3d02295bef15/AudioCropped/10Y-001A-M6-01.wav,10Y-001A-M6-01.wav,44cdfc3130d8a6ef7778ea1204e535b6c5cde7ab,e9f222b56859dff670e97a65e0ecb3c2885c5afec3952279defde724bde6f596,91582,48000,1,16,0.952542,10Y,10.000000,senior,001A,001A,M,10,,true,001A,
dataset/raw_audio/AudioCropped/10Y-001A-M6-02.wav,data/meowagenet/official-3d02295bef15/AudioCropped/10Y-001A-M6-02.wav,10Y-001A-M6-02.wav,a2487ef821a00ecd4ebd88673c6b4f70a785a9fa,409589919b9799503e151de4a130d673919964b77641bb644ee062d2d73902fa,93050,48000,1,16,0.967833,10Y,10.000000,senior,001A,001A,M,10,,true,001A,
dataset/raw_audio/AudioCropped/10Y-001A-M6-03.wav,data/meowagenet/official-3d02295bef15/AudioCropped/10Y-001A-M6-03.wav,10Y-001A-M6-03.wav,b56e1ad1a4739df9b9e2f2e001804368a965ebf0,ec3af9e9dba2a851174481352585fa8b472392164ccbac3afbfcd888da46b89f,96860,48000,1,16,1.007521,10Y,10.000000,senior,001A,001A,M,10,,true,001A,
dataset/raw_audio/AudioCropped/10Y-001A-M6-04.wav,data/meowagenet/official-3d02295bef15/AudioCropped/10Y-001A-M6-04.wav,10Y-001A-M6-04.wav,c36c63c90864818f62a804ed6908af93edafa8bc,135ed60716309f98e901c0d023cfdc9455ee9a51ef5425218856a4a870c42136,92096,48000,1,16,0.957896,10Y,10.000000,senior,001A,001A,M,10,,true,001A,
dataset/raw_audio/AudioCropped/10Y-025A-F2-01.wav,data/meowagenet/official-3d02295bef15/AudioCropped/10Y-025A-F2-01.wav,10Y-025A-F2-01.wav,d57bcae194beb2657361d92862e2c20f3fdcbd4b,e705a96a69c39e92112d5f58056f48a054c144255e81494edd573ddd4b5531a1,76370,48000,1,16,0.793312,10Y,10.000000,senior,025A,025A,F,10,,true,025A,
dataset/raw_audio/AudioCropped/10Y-025A-F2-04.wav,data/meowagenet/official-3d02295bef15/AudioCropped/10Y-025A-F2-04.wav,10Y-025A-F2-04.wav,ff970de5d8cee89101b5f7183b46044a3b9f9ce9,9b08642fe1aa16e2e16eb4597c2ca0619d7065ac8746dc8bdd3a0698ba0e7515,99718,48000,1,16,1.036521,10Y,10.000000,senior,025A,025A,F,10,,true,025A,
dataset/raw_audio/AudioCropped/10Y-025A-F2-05.wav,data/meowagenet/official-3d02295bef15/AudioCropped/10Y-025A-F2-05.wav,10Y-025A-F2-05.wav,02e94dd1b5a42ddbf05547ad641dedfe4ce15495,7c079c34a97a786097bb6b08e1161f86301538bd35b96b4a3209403e4a3b3930,40794,48000,1,16,0.422729,10Y,10.000000,senior,025A,025A,F,10,,true,025A,
dataset/raw_audio/AudioCropped/10Y-025A-F2-07.wav,data/meowagenet/official-3d02295bef15/AudioCropped/10Y-025A-F2-07.wav,10Y-025A-F2-07.wav,afbb21a006535afa410eee6c735bdf324d6212b8,5bf124ff4fec6fa99bf4187969e21aad41922989cdc5ed94ff9ab211e3b6de8d,47398,48000,1,16,0.491521,10Y,10.000000,senior,025A,025A,F,10,,true,025A,
dataset/raw_audio/AudioCropped/10Y-025A-F2-08.wav,data/meowagenet/official-3d02295bef15/AudioCropped/10Y-025A-F2-08.wav,10Y-025A-F2-08.wav,fdc8f58e276544b21d394a6e35b5ca1d1d683b59,65dfe0ddf6566f106127e0eaa4b823b1523c12e198891237fd028486d4a65a55,27174,48000,1,16,0.280854,10Y,10.000000,senior,025A,025A,F,10,,true,025A,
dataset/raw_audio/AudioCropped/10Y-025A-F2-09.wav,data/meowagenet/official-3d02295bef15/AudioCropped/10Y-025A-F2-09.wav,10Y-025A-F2-09.wav,4dd3df4c886ead3a1f6b273a072c8864d65f95c8,22faae1bc8aff51d9f342a0a12cee39192e86e7d817ebad935a0a7cf5c684df7,70604,48000,1,16,0.733250,10Y,10.000000,senior,025A,025A,F,10,,true,025A,
dataset/raw_audio/AudioCropped/10Y-025A-F2-10.wav,data/meowagenet/official-3d02295bef15/AudioCropped/10Y-025A-F2-10.wav,10Y-025A-F2-10.wav,8e643a65e999ae06b839fb077a0b434e579980ec,db2a0c3c46445e939a8cc989124afe92171ffed1c86a9e36ad686b4e643b286a,22212,48000,1,16,0.229125,10Y,10.000000,senior,025A,025A,F,10,,true,025A,
dataset/raw_audio/AudioCropped/10Y-025A-F2-11.wav,data/meowagenet/official-3d02295bef15/AudioCropped/10Y-025A-F2-11.wav,10Y-025A-F2-11.wav,259862a949639817f19fa39b4403420b72b264eb,54e12710508630d46107b0bfb09ca460caf72679ead77a9fbd26113d065a1b27,73092,48000,1,16,0.759125,10Y,10.000000,senior,025A,025A,F,10,,true,025A,
dataset/raw_audio/AudioCropped/10Y-025A-F2-12.wav,data/meowagenet/official-3d02295bef15/AudioCropped/10Y-025A-F2-12.wav,10Y-025A-F2-12.wav,cd90ab9212818ba935058ba1948a58f6f0031618,ff2254578331ec3d0436bf83eb13d931e6c238a7546e6629b7ec3cb26c5be54a,56942,48000,1,16,0.590896,10Y,10.000000,senior,025A,025A,F,10,,true,025A,
dataset/raw_audio/AudioCropped/10Y-025A-F2-14.wav,data/meowagenet/official-3d02295bef15/AudioCropped/10Y-025A-F2-14.wav,10Y-025A-F2-14.wav,f161a881a6a2711fc0f5bb2452638fd94ea3fbec,b3381f069344b5d5962c5f8b959d6411c67d65657d28b3c0ca6a753fa653fa52,62740,48000,1,16,0.651292,10Y,10.000000,senior,025A,025A,F,10,,true,025A,
dataset/raw_audio/AudioCropped/10Y-025C-M1-01.wav,data/meowagenet/official-3d02295bef15/AudioCropped/10Y-025C-M1-01.wav,10Y-025C-M1-01.wav,4eb34040d04f42be10e73a168b821cefb7d4f878,cff608fdc7d6cb0567c39b988000c30a3e80e880fcb2974a1934c7a0c952e7a8,139314,48000,1,16,1.448979,10Y,10.000000,senior,025C,025C,M,10,,true,025C,
dataset/raw_audio/AudioCropped/10Y-025C-M1-02.wav,data/meowagenet/official-3d02295bef15/AudioCropped/10Y-025C-M1-02.wav,10Y-025C-M1-02.wav,0091359a0e2a7e02dfd49d3fa5e140d0eb897ebc,ccf43bbf2a428194173329ad008fe15967479c6d5a8f811d2ff90dfa0ff1c89f,34718,48000,1,16,0.359438,10Y,10.000000,senior,025C,025C,M,10,,true,025C,
dataset/raw_audio/AudioCropped/10Y-025C-M1-03.wav,data/meowagenet/official-3d02295bef15/AudioCropped/10Y-025C-M1-03.wav,10Y-025C-M1-03.wav,b504336fc8d14801d0c63fb468b09200b2fe4a86,b0dd64efc55543c505a7d3d6ed8623abe8ce4e6111e24ec4a6d3969cff023acb,51838,48000,1,16,0.537771,10Y,10.000000,senior,025C,025C,M,10,,true,025C,
dataset/raw_audio/AudioCropped/10Y-025C-M1-04.wav,data/meowagenet/official-3d02295bef15/AudioCropped/10Y-025C-M1-04.wav,10Y-025C-M1-04.wav,5be653e38e5d6d01be8e9cc0151621de8af401bb,498b595dd701d9692f4120ce7ed12c49a1067ba2a3e8d1dbd87fa2b519ac39d5,39882,48000,1,16,0.413229,10Y,10.000000,senior,025C,025C,M,10,,true,025C,
dataset/raw_audio/AudioCropped/10Y-028A-F1-01.wav,data/meowagenet/official-3d02295bef15/AudioCropped/10Y-028A-F1-01.wav,10Y-028A-F1-01.wav,563f61a12eb4d03f5c37f97fa347408e5a6c9a59,82d3413180792ef1740878b0f2929b7c934a6ffe02f1e371b2533755759a07c2,79014,48000,1,16,0.821625,10Y,10.000000,senior,028A,028A,F,10,,true,028A,
dataset/raw_audio/AudioCropped/10Y-028A-F1-02.wav,data/meowagenet/official-3d02295bef15/AudioCropped/10Y-028A-F1-02.wav,10Y-028A-F1-02.wav,f9cf4f26b27881f139b20b0adfd9955b9895da38,d33035580f4fe83f90a3aaffe28f8a4124c3f3f0ad7b5e0a95eca13c81971a6b,79014,48000,1,16,0.821625,10Y,10.000000,senior,028A,028A,F,10,,true,028A,
dataset/raw_audio/AudioCropped/10Y-028A-F2-01.wav,data/meowagenet/official-3d02295bef15/AudioCropped/10Y-028A-F2-01.wav,10Y-028A-F2-01.wav,ac4b4f0accb9cc42151a6ee28fce5761aba45369,87168e1fc13374521cb74711c840c046809f76b7a46e09219433fdf4229a2137,186656,48000,1,16,1.942896,10Y,10.000000,senior,028A,028A,F,10,,true,028A,
dataset/raw_audio/AudioCropped/10Y-028A-F2-02.wav,data/meowagenet/official-3d02295bef15/AudioCropped/10Y-028A-F2-02.wav,10Y-028A-F2-02.wav,13975ae1eba0a27b2cb0dbf10b0cb42042039981,9e7ab0a5f56cc04de50e27119fd873c070123568ed95def2fffc5de096b491e5,88880,48000,1,16,0.924396,10Y,10.000000,senior,028A,028A,F,10,,true,028A,
dataset/raw_audio/AudioCropped/10Y-028A-F2-03.wav,data/meowagenet/official-3d02295bef15/AudioCropped/10Y-028A-F2-03.wav,10Y-028A-F2-03.wav,c08a0557126f6e9f483c378aa9f8effdba1d47ec,0d483ca401637d93af13dcbf393232041c40d0e192ddc7411b08ee3c21eea83d,57654,48000,1,16,0.599125,10Y,10.000000,senior,028A,028A,F,10,,true,028A,
dataset/raw_audio/AudioCropped/10Y-028A-F2-04.wav,data/meowagenet/official-3d02295bef15/AudioCropped/10Y-028A-F2-04.wav,10Y-028A-F2-04.wav,34217c43551e334f353cc190cbc61e9b6b2d008a,52ba98fc787a317745eb1a023ed7d5c37a03801a53561868efe88bc062f25201,67790,48000,1,16,0.704708,10Y,10.000000,senior,028A,028A,F,10,,true,028A,
dataset/raw_audio/AudioCropped/10Y-028A-F2-05.wav,data/meowagenet/official-3d02295bef15/AudioCropped/10Y-028A-F2-05.wav,10Y-028A-F2-05.wav,b2e62355e7f5270308407421b55cd01c149d51c3,30039fcfb5c8adadb48c2bc7bf08307e4964e878355078bfa187f8ae425a73ab,91344,48000,1,16,0.950063,10Y,10.000000,senior,028A,028A,F,10,,true,028A,
dataset/raw_audio/AudioCropped/10Y-028A-F2-06.wav,data/meowagenet/official-3d02295bef15/AudioCropped/10Y-028A-F2-06.wav,10Y-028A-F2-06.wav,f41eede68f6dd26932940ce8def153c857b65ccd,e8e8ba1d6a7cef80ea833ad558d2e82c3cd745a72cd10c19a1558e344d2fa6d6,74018,48000,1,16,0.769583,10Y,10.000000,senior,028A,028A,F,10,,true,028A,
dataset/raw_audio/AudioCropped/10Y-028A-F2-07.wav,data/meowagenet/official-3d02295bef15/AudioCropped/10Y-028A-F2-07.wav,10Y-028A-F2-07.wav,c40acfafb605cfd93c1245984a5719e759060ca2,6e98e396ca5c224e102be9d580fbf4f5ce31661a737b6cbd21fe637e6d68611b,63362,48000,1,16,0.658583,10Y,10.000000,senior,028A,028A,F,10,,true,028A,
dataset/raw_audio/AudioCropped/10Y-028A-F2-08.wav,data/meowagenet/official-3d02295bef15/AudioCropped/10Y-028A-F2-08.wav,10Y-028A-F2-08.wav,4c5f1b56909bad2ce7450ada12f510d02054532d,063149fb1722692796db1064eb07d2b539a4bebf9904ea4b1db2180bd404e61e,80682,48000,1,16,0.839000,10Y,10.000000,senior,028A,028A,F,10,,true,028A,
dataset/raw_audio/AudioCropped/10Y-028A-F2-09.wav,data/meowagenet/official-3d02295bef15/AudioCropped/10Y-028A-F2-09.wav,10Y-028A-F2-09.wav,21241cf795c275cc0839d59ea7b64f0b74e08aa3,242842670a49366f4a9a316ae31baa4d110ae099bf808cc79a113b1277f172f1,54968,48000,1,16,0.571146,10Y,10.000000,senior,028A,028A,F,10,,true,028A,
dataset/raw_audio/AudioCropped/10Y-039A-X-02.wav,data/meowagenet/official-3d02295bef15/AudioCropped/10Y-039A-X-02.wav,10Y-039A-X-02.wav,390dc905dc53d7774c0142bfdf6388bd230173dc,dd2113c9b8d17b40f9ddb0fd166c47c5ce53f424ea6976cc4b3ee8d65bad488c,266542,96000,1,16,1.386510,10Y,10.000000,senior,039A,039A,X,10,,true,039A,
dataset/raw_audio/AudioCropped/10Y-039A-X-03.wav,data/meowagenet/official-3d02295bef15/AudioCropped/10Y-039A-X-03.wav,10Y-039A-X-03.wav,98a452de9413a57b6983d898e14cfbdeccca8fb5,31ff076254f7fe5f270880307d4f0db5d3c23b2b2eb3857c4d3f16de062bb0a4,232998,96000,1,16,1.211802,10Y,10.000000,senior,039A,039A,X,10,,true,039A,
dataset/raw_audio/AudioCropped/10Y-039A-X-04.wav,data/meowagenet/official-3d02295bef15/AudioCropped/10Y-039A-X-04.wav,10Y-039A-X-04.wav,42d4bd6fab53e5e7a24ce70600a4d47d601cbe8b,c78ff7d1f434cac7beff5fc5a9236e22037ce541eefecec0ce06a45e3bf57662,233574,96000,1,16,1.214802,10Y,10.000000,senior,039A,039A,X,10,,true,039A,
dataset/raw_audio/AudioCropped/10Y-039A-X-05.wav,data/meowagenet/official-3d02295bef15/AudioCropped/10Y-039A-X-05.wav,10Y-039A-X-05.wav,2b861bc13fcc06d37739fae84ef7c35c40b50ea2,21b011557e1becb4aa0b70775b0d854bc4ace17734dd6095c34d97d5ddb935ae,242778,96000,1,16,1.262740,10Y,10.000000,senior,039A,039A,X,10,,true,039A,
dataset/raw_audio/AudioCropped/10Y-039A-X-06.wav,data/meowagenet/official-3d02295bef15/AudioCropped/10Y-039A-X-06.wav,10Y-039A-X-06.wav,de62f61193055b91f24fd6f636f2500c299800a9,b4a0bf118d7dac462441494909646d9a09bc95b6d039c7f53534e13af5b58d58,244012,96000,1,16,1.269167,10Y,10.000000,senior,039A,039A,X,10,,true,039A,
dataset/raw_audio/AudioCropped/10Y-039A-X-07.wav,data/meowagenet/official-3d02295bef15/AudioCropped/10Y-039A-X-07.wav,10Y-039A-X-07.wav,6a4f3a0f770db05f4216b1e211ab7fa0c5820b4b,3a6dcede69cc1dea76dd740fa6f5b8d41705c1cc7a5302a7315dde0b4d3be806,264046,96000,1,16,1.373510,10Y,10.000000,senior,039A,039A,X,10,,true,039A,
dataset/raw_audio/AudioCropped/10Y-060A-F1-01.wav,data/meowagenet/official-3d02295bef15/AudioCropped/10Y-060A-F1-01.wav,10Y-060A-F1-01.wav,4aad08f5e9226dff44e7796f561bcc741be426db,211e111b021843f662578184dc7f9654022b778751dc090c5ca57489a55b8fa1,33326,48000,1,16,0.345208,10Y,10.000000,senior,060A,060A,F,10,,true,060A,
dataset/raw_audio/AudioCropped/10Y-060A-F1-02.wav,data/meowagenet/official-3d02295bef15/AudioCropped/10Y-060A-F1-02.wav,10Y-060A-F1-02.wav,c90f8fa1b6ce4fb62a7ed09f9f566cd5c15e10ef,19b464f4c267ecda0231d8414dc9bbb39716b109e217a64d8642676eed41e8f2,26060,48000,1,16,0.269521,10Y,10.000000,senior,060A,060A,F,10,,true,060A,
dataset/raw_audio/AudioCropped/10Y-060A-F1-03.wav,data/meowagenet/official-3d02295bef15/AudioCropped/10Y-060A-F1-03.wav,10Y-060A-F1-03.wav,5390f62f5fd5e0130b8ea878725cb902f386c739,90b8d901ed1b2fed6ebace4860028741aeed11ed8c3ef653a0381e381dca3a8e,35276,48000,1,16,0.365521,10Y,10.000000,senior,060A,060A,F,10,,true,060A,
dataset/raw_audio/AudioCropped/10Y-101A-F1-GH-01.wav,data/meowagenet/official-3d02295bef15/AudioCropped/10Y-101A-F1-GH-01.wav,10Y-101A-F1-GH-01.wav,3bcc7568af1d228362728abcb8226e4263c64d86,3812effcf1b2dd076c419386ec67c7765bc6ea302f914c898430167a4e62ff88,96832,44100,1,16,1.096213,10Y,10.000000,senior,101A,101A,F,10,,true,101A,
dataset/raw_audio/AudioCropped/10Y-101A-F1-GH-02.wav,data/meowagenet/official-3d02295bef15/AudioCropped/10Y-101A-F1-GH-02.wav,10Y-101A-F1-GH-02.wav,d8d4382913a8087428de42a061a0e5886ccd92d8,4ed06487657eabfb67f364928b7bd2e9bda6e4ae3f4d6e0ae1e346247adaae33,91712,44100,1,16,1.038163,10Y,10.000000,senior,101A,101A,F,10,,true,101A,
dataset/raw_audio/AudioCropped/10Y-101A-F1-GH-03.wav,data/meowagenet/official-3d02295bef15/AudioCropped/10Y-101A-F1-GH-03.wav,10Y-101A-F1-GH-03.wav,6c9ab4dfee214c1afc91a34a529e07e80afd3fbd,16eddd27384e43ba081b10dc065cd45f4d917e383eeee0370fb87ca1c3d41b2f,41410,44100,1,16,0.467846,10Y,10.000000,senior,101A,101A,F,10,,true,101A,
dataset/raw_audio/AudioCropped/10Y-101A-F1-GH-04.wav,data/meowagenet/official-3d02295bef15/AudioCropped/10Y-101A-F1-GH-04.wav,10Y-101A-F1-GH-04.wav,3b6c7f9e877db14a4e02c69d85b30781d3fbad62,c9c87752098c94dddae20c707a5d345c0265741bcc35c89038c4a09d333fbfea,64002,44100,1,16,0.723991,10Y,10.000000,senior,101A,101A,F,10,,true,101A,
dataset/raw_audio/AudioCropped/10Y-101A-F1-GH-05.wav,data/meowagenet/official-3d02295bef15/AudioCropped/10Y-101A-F1-GH-05.wav,10Y-101A-F1-GH-05.wav,e87e917c8c92c93e719dda031e993646424a8265,4e8b69e514b2013f2c22ab779f46047e333271fe0ec9426189ef2d9b1d0cea93,55568,44100,1,16,0.628367,10Y,10.000000,senior,101A,101A,F,10,,true,101A,
dataset/raw_audio/AudioCropped/10Y-101A-F1-GH-06.wav,data/meowagenet/official-3d02295bef15/AudioCropped/10Y-101A-F1-GH-06.wav,10Y-101A-F1-GH-06.wav,aa3d61cb70b7d0bae61a714a0de97c9985483413,cca6ac85a01b6cca639d01554745eb16e4df8b83b05c0bffcbd39bfb3854b1e1,51050,44100,1,16,0.577143,10Y,10.000000,senior,101A,101A,F,10,,true,101A,
dataset/raw_audio/AudioCropped/10Y-101A-F1-GH-07.wav,data/meowagenet/official-3d02295bef15/AudioCropped/10Y-101A-F1-GH-07.wav,10Y-101A-F1-GH-07.wav,d9c5a0fde2c0f584ba4add21306bf5ad8e6120f8,ccae5f3ff838b06b1b5e1ec4b4a36afefe1d30404f730c4d20353af706733b3d,99844,44100,1,16,1.130363,10Y,10.000000,senior,101A,101A,F,10,,true,101A,
dataset/raw_audio/AudioCropped/10Y-101A-F1-GH-08.wav,data/meowagenet/official-3d02295bef15/AudioCropped/10Y-101A-F1-GH-08.wav,10Y-101A-F1-GH-08.wav,d1766273fa74274bbc7b7c09aa5781ca7efe072e,a8742559b8dec92c48c37270fffa88af34c9b8289f93b7e7229ef42fc0685c26,49242,44100,1,16,0.556644,10Y,10.000000,senior,101A,101A,F,10,,true,101A,
dataset/raw_audio/AudioCropped/10Y-101A-F1-GH-09.wav,data/meowagenet/official-3d02295bef15/AudioCropped/10Y-101A-F1-GH-09.wav,10Y-101A-F1-GH-09.wav,a337ffd7a4f0f04ee2a5e7a3c8d5e382e764fa4c,b8017b20c8aab5cd2c4a7129ddee04abd6d1e12a4d73ea0d8d7a403e2700c52b,41412,44100,1,16,0.467868,10Y,10.000000,senior,101A,101A,F,10,,true,101A,
dataset/raw_audio/AudioCropped/10Y-101A-F1-GH-10.wav,data/meowagenet/official-3d02295bef15/AudioCropped/10Y-101A-F1-GH-10.wav,10Y-101A-F1-GH-10.wav,1c853e0e9d82dc642b185f491648aed6be08bd75,95ec5a3624302057a97329be50efb3bdedddb6bee10d0576841b5347a2760f05,64002,44100,1,16,0.723968,10Y,10.000000,senior,101A,101A,F,10,,true,101A,
dataset/raw_audio/AudioCropped/10Y-101A-F1-GH-11.wav,data/meowagenet/official-3d02295bef15/AudioCropped/10Y-101A-F1-GH-11.wav,10Y-101A-F1-GH-11.wav,1926bb35488613ec7405d180b17a9fe3d786324b,44d0556a5068058f583181870d1d58db540c3ece9ed6fae689b2f71c9e4ef043,78162,44100,1,16,0.884512,10Y,10.000000,senior,101A,101A,F,10,,true,101A,
dataset/raw_audio/AudioCropped/10Y-101A-F1-GH-12.wav,data/meowagenet/official-3d02295bef15/AudioCropped/10Y-101A-F1-GH-12.wav,10Y-101A-F1-GH-12.wav,7593389ab223be0f8e0c695dbeb50411cfb7e96e,9fbb01e752ce9c2542879b9a47687a5a1f0c67127acf3ccb3e6cf1ac9c8749ef,85708,44100,1,16,0.970068,10Y,10.000000,senior,101A,101A,F,10,,true,101A,
dataset/raw_audio/AudioCropped/10Y-103A-M1-NC-01.wav,data/meowagenet/official-3d02295bef15/AudioCropped/10Y-103A-M1-NC-01.wav,10Y-103A-M1-NC-01.wav,2451462090f969add535324063987098624972e5,c8c8015737580faddc8e453bdef07ddf9daaa8060b4abe4bdcc176f38d15b7da,99608,96000,1,16,0.518031,10Y,10.000000,senior,103A,103A,M,10,,true,103A,
dataset/raw_audio/AudioCropped/10Y-103A-M1-NC-02.wav,data/meowagenet/official-3d02295bef15/AudioCropped/10Y-103A-M1-NC-02.wav,10Y-103A-M1-NC-02.wav,1495c472b13b4d025dd6323e49ab5f54168e5553,1ed3a167faceeebb89e029c81dd1a88308ea927284e1684705187ded79dee60a,77506,96000,1,16,0.402917,10Y,10.000000,senior,103A,103A,M,10,,true,103A,
dataset/raw_audio/AudioCropped/10Y-103A-M1-NC-03.wav,data/meowagenet/official-3d02295bef15/AudioCropped/10Y-103A-M1-NC-03.wav,10Y-103A-M1-NC-03.wav,4c7e7343a2cb754308e5bd89259daa62f716ac87,cc356d3ccacfc0af2d5fb8b4273be02933d7ad8266f5104fd3e821c749226517,82198,96000,1,16,0.427354,10Y,10.000000,senior,103A,103A,M,10,,true,103A,
dataset/raw_audio/AudioCropped/10Y-103A-M1-NC-04.wav,data/meowagenet/official-3d02295bef15/AudioCropped/10Y-103A-M1-NC-04.wav,10Y-103A-M1-NC-04.wav,289074add4d843c10e1dc8c3dea47fdc1412353a,63f4914cc1e3de88895b414bdae13542a9c937dd9550d165485bb6f1de6caf28,125014,96000,1,16,0.650354,10Y,10.000000,senior,103A,103A,M,10,,true,103A,
dataset/raw_audio/AudioCropped/10Y-103A-M1-NC-05.wav,data/meowagenet/official-3d02295bef15/AudioCropped/10Y-103A-M1-NC-05.wav,10Y-103A-M1-NC-05.wav,7a069d0a82c62a4c2afe36ad681c9c34c38b17d6,f5333fbbf84a9005a10a81a6976cbb06c7ed2ff18b2347df7a04f22ed64401ab,38664,96000,1,16,0.200615,10Y,10.000000,senior,103A,103A,M,10,,true,103A,
dataset/raw_audio/AudioCropped/10Y-103A-M1-NC-06.wav,data/meowagenet/official-3d02295bef15/AudioCropped/10Y-103A-M1-NC-06.wav,10Y-103A-M1-NC-06.wav,1fe5fc88d291bef185cf3e133b106c83c4d3f68f,adc35008f2fe61e69d147ddbcdd55a92226a7b52f0181d9115b29abaa28acbfb,65894,96000,1,16,0.342438,10Y,10.000000,senior,103A,103A,M,10,,true,103A,
dataset/raw_audio/AudioCropped/10Y-103A-M1-NC-07.wav,data/meowagenet/official-3d02295bef15/AudioCropped/10Y-103A-M1-NC-07.wav,10Y-103A-M1-NC-07.wav,1d854dec1a2913879d04148da4aa5d5821e061da,092601e0b1751c99ba40f25058b3bfc396a53b7f554917981ad7c02d7f7c785d,76016,96000,1,16,0.395156,10Y,10.000000,senior,103A,103A,M,10,,true,103A,
dataset/raw_audio/AudioCropped/10Y-103A-M1-NC-08.wav,data/meowagenet/official-3d02295bef15/AudioCropped/10Y-103A-M1-NC-08.wav,10Y-103A-M1-NC-08.wav,cbd465a0965265efc84a60669bde585bd3c94ced,72691837e8b32773405e19a1f9644e862ee7e94b01999432e434f259c40dd402,65984,96000,1,16,0.342906,10Y,10.000000,senior,103A,103A,M,10,,true,103A,
dataset/raw_audio/AudioCropped/10Y-103A-M1-NC-09.wav,data/meowagenet/official-3d02295bef15/AudioCropped/10Y-103A-M1-NC-09.wav,10Y-103A-M1-NC-09.wav,9d5b1b11952e891a6b87905bf72c092f7494dec6,5e05faee37042debfe3eec0d886d8b987fd93f2e2fa2509c5f5c0b37a09a05d9,57116,96000,1,16,0.296719,10Y,10.000000,senior,103A,103A,M,10,,true,103A,
dataset/raw_audio/AudioCropped/10Y-103A-M1-NC-10.wav,data/meowagenet/official-3d02295bef15/AudioCropped/10Y-103A-M1-NC-10.wav,10Y-103A-M1-NC-10.wav,16d1f2106ce8af10e3cb14731b803b14fc5f01d1,13eb68a8d115193a75ea4563979248e255e8dd89484c639ebcd47e9b79416313,64642,96000,1,16,0.335906,10Y,10.000000,senior,103A,103A,M,10,,true,103A,
dataset/raw_audio/AudioCropped/10Y-103A-M1-NC-11.wav,data/meowagenet/official-3d02295bef15/AudioCropped/10Y-103A-M1-NC-11.wav,10Y-103A-M1-NC-11.wav,9dd80cc545917998916e0f034fb2ad0775a25a88,484da54f206915124e9666cc38865ec627661bc93d695dcd0e6e4e4a55f8b854,54698,96000,1,16,0.284115,10Y,10.000000,senior,103A,103A,M,10,,true,103A,
dataset/raw_audio/AudioCropped/10Y-103A-M1-NC-12.wav,data/meowagenet/official-3d02295bef15/AudioCropped/10Y-103A-M1-NC-12.wav,10Y-103A-M1-NC-12.wav,52baebf7245a3bf6e9b17c9584cb0f7a0d63ded3,31e90bda6a9b838937010a9a631080083bb2e51708a536153835178cc211f132,89452,96000,1,16,0.465125,10Y,10.000000,senior,103A,103A,M,10,,true,103A,
dataset/raw_audio/AudioCropped/10Y-103A-M1-NC-13.wav,data/meowagenet/official-3d02295bef15/AudioCropped/10Y-103A-M1-NC-13.wav,10Y-103A-M1-NC-13.wav,bb57c5aae8dadd391a4b445624666abb24f0fc12,453f47659e8586373b0a99a9a007a58f3d16031130b52f7755bac57bab4ecae0,72344,96000,1,16,0.376021,10Y,10.000000,senior,103A,103A,M,10,,true,103A,
dataset/raw_audio/AudioCropped/10Y-103A-M1-NC-14.wav,data/meowagenet/official-3d02295bef15/AudioCropped/10Y-103A-M1-NC-14.wav,10Y-103A-M1-NC-14.wav,365cbc4696c8d082bfd146975aaaaa2c051ca1b3,1f8565a8960e7101f096548f860bbedffd750bc4e32d197c7702a7f4a966cb8b,144630,96000,1,16,0.752510,10Y,10.000000,senior,103A,103A,M,10,,true,103A,
dataset/raw_audio/AudioCropped/10Y-103A-M1-NC-15.wav,data/meowagenet/official-3d02295bef15/AudioCropped/10Y-103A-M1-NC-15.wav,10Y-103A-M1-NC-15.wav,48ef744e3660513bfcfb67d8eac84a3409de18ee,d25b411fdee9f4719d83a34398d7c7c343a700f820bee8656fd0e7bafc000e78,25766,96000,1,16,0.133427,10Y,10.000000,senior,103A,103A,M,10,,true,103A,
dataset/raw_audio/AudioCropped/10Y-103A-M1-NC-16.wav,data/meowagenet/official-3d02295bef15/AudioCropped/10Y-103A-M1-NC-16.wav,10Y-103A-M1-NC-16.wav,401d3311589d632b24043d80163261e1fabefe4d,6b4c31cf949f9a6f3b46baeac2436ec186dcdbfe31ab84030e719448478f7190,65358,96000,1,16,0.339635,10Y,10.000000,senior,103A,103A,M,10,,true,103A,
dataset/raw_audio/AudioCropped/10Y-103A-M1-NC-17.wav,data/meowagenet/official-3d02295bef15/AudioCropped/10Y-103A-M1-NC-17.wav,10Y-103A-M1-NC-17.wav,a975df05c537e522efc3d5ef57d5e1a21b12091a,a99a106c1c9a62f52e52cb630981c06ba8896e4e3d53839da3d5c4a37577f74d,22182,96000,1,16,0.114760,10Y,10.000000,senior,103A,103A,M,10,,true,103A,
dataset/raw_audio/AudioCropped/10Y-103A-M1-NC-18.wav,data/meowagenet/official-3d02295bef15/AudioCropped/10Y-103A-M1-NC-18.wav,10Y-103A-M1-NC-18.wav,9f25887ae4df81aaafefc93015a423be3265cb93,f22833460715c746c9d278a35ec19c2757aa3d84b3c4b498c8f8a9d49353c055,153946,96000,1,16,0.801031,10Y,10.000000,senior,103A,103A,M,10,,true,103A,
dataset/raw_audio/AudioCropped/10Y-103A-M1-NC-20.wav,data/meowagenet/official-3d02295bef15/AudioCropped/10Y-103A-M1-NC-20.wav,10Y-103A-M1-NC-20.wav,acfb5259e453886a892c6fa985b9bb932be6fddb,0eab6e7743466fc5504100f994e74729ce8bf2ac9092cde51a49d3dd8640935a,101098,96000,1,16,0.525781,10Y,10.000000,senior,103A,103A,M,10,,true,103A,
dataset/raw_audio/AudioCropped/10Y-103A-M1-NC-21.wav,data/meowagenet/official-3d02295bef15/AudioCropped/10Y-103A-M1-NC-21.wav,10Y-103A-M1-NC-21.wav,dcf75984c2abddff80ef5dbebd32db4cd4f1fa81,0e47a50b8f935f259a46a92827e9b9d2d9c0fcbbec57001a131ea4cac802980c,105398,96000,1,16,0.548177,10Y,10.000000,senior,103A,103A,M,10,,true,103A,
dataset/raw_audio/AudioCropped/10Y-103A-M1-NC-22.wav,data/meowagenet/official-3d02295bef15/AudioCropped/10Y-103A-M1-NC-22.wav,10Y-103A-M1-NC-22.wav,1ec640578ccdfc9b687cb0fb1702512abe794b92,2497b3bfb2994c1b958ef8bc6186ea8a576f34ea70cb64e57f67cbabffe78b6c,143736,96000,1,16,0.747854,10Y,10.000000,senior,103A,103A,M,10,,true,103A,
dataset/raw_audio/AudioCropped/10Y-103A-M1-NC-23.wav,data/meowagenet/official-3d02295bef15/AudioCropped/10Y-103A-M1-NC-23.wav,10Y-103A-M1-NC-23.wav,fc3c77c95250b1c4548625dacaf8a8369ef53766,ce51c88e06c75da5a6d1e88e661501a41c0e1e8bdd8a8fcedb20188f7bb36af7,116686,96000,1,16,0.606969,10Y,10.000000,senior,103A,103A,M,10,,true,103A,
dataset/raw_audio/AudioCropped/10Y-103A-M1-NC-24.wav,data/meowagenet/official-3d02295bef15/AudioCropped/10Y-103A-M1-NC-24.wav,10Y-103A-M1-NC-24.wav,b80014ea8ee62f136eb78ebca49bbc58a345176e,de9012d480870dfbd7c05fe1a17e9ba53d2ae7c7df3363c8e8420e3c81c8ed49,41710,96000,1,16,0.216469,10Y,10.000000,senior,103A,103A,M,10,,true,103A,
dataset/raw_audio/AudioCropped/10Y-103A-M1-NC-25.wav,data/meowagenet/official-3d02295bef15/AudioCropped/10Y-103A-M1-NC-25.wav,10Y-103A-M1-NC-25.wav,a7f90f472ed0b326200e1f99adbbf827a7f9c87c,4a8d54fe43920f4331650eb7e85e440738a6215eddc3f75e08152bd410b2f746,64374,96000,1,16,0.334510,10Y,10.000000,senior,103A,103A,M,10,,true,103A,
dataset/raw_audio/AudioCropped/10Y-103A-M1-NC-26.wav,data/meowagenet/official-3d02295bef15/AudioCropped/10Y-103A-M1-NC-26.wav,10Y-103A-M1-NC-26.wav,4610af9c4a75934e4a359cc14286b7e890cf31b5,e5273c36e0f8fbf6005600bccf217386b8c9711f67efd776ec23522a7d510870,81214,96000,1,16,0.422219,10Y,10.000000,senior,103A,103A,M,10,,true,103A,
dataset/raw_audio/AudioCropped/10Y-103A-M1-NC-27.wav,data/meowagenet/official-3d02295bef15/AudioCropped/10Y-103A-M1-NC-27.wav,10Y-103A-M1-NC-27.wav,cc62efda48a95ad7908deb1998f1bbc49123d81b,3db41e0674e6d73aa0425519237fa75b0b9e6c7b8ebc5c48b40fdf00e0408d4f,143288,96000,1,16,0.745521,10Y,10.000000,senior,103A,103A,M,10,,true,103A,
dataset/raw_audio/AudioCropped/10Y-103A-M1-NC-28.wav,data/meowagenet/official-3d02295bef15/AudioCropped/10Y-103A-M1-NC-28.wav,10Y-103A-M1-NC-28.wav,ba78a63cb0e6e795906f6da837bd6e86c81f8dde,cd38271958a4a155907a479b39c12398646d367b68b8c03727aebace009dbab4,104054,96000,1,16,0.541177,10Y,10.000000,senior,103A,103A,M,10,,true,103A,
dataset/raw_audio/AudioCropped/10Y-103A-M1-NC-29.wav,data/meowagenet/official-3d02295bef15/AudioCropped/10Y-103A-M1-NC-29.wav,10Y-103A-M1-NC-29.wav,d082311b23cbe4bc033e69028b59ee0286554cf0,20cf59dd88777c85ce552e9f2f57a5bafa3d205ea66fb45b2f4909400346de84,52280,96000,1,16,0.271521,10Y,10.000000,senior,103A,103A,M,10,,true,103A,
dataset/raw_audio/AudioCropped/10Y-103A-M1-NC-30.wav,data/meowagenet/official-3d02295bef15/AudioCropped/10Y-103A-M1-NC-30.wav,10Y-103A-M1-NC-30.wav,1bd4cc4bfdaadad2cc5516055080d1d893d1ff03,1b4a3fc5e4e9e08d0da3a49286994a95584d2aed7a88dd1222fa6b8306523159,83990,96000,1,16,0.436677,10Y,10.000000,senior,103A,103A,M,10,,true,103A,
dataset/raw_audio/AudioCropped/10Y-103A-M1-NC-31.wav,data/meowagenet/official-3d02295bef15/AudioCropped/10Y-103A-M1-NC-31.wav,10Y-103A-M1-NC-31.wav,1c1ec49a150e13635d0b865a4f470a7e1dd4bcde,dd21c124fbd803c8f2be6346f3b6cbfe6b4bd6d7dbf3a0030bb650e659a0eb16,129314,96000,1,16,0.672740,10Y,10.000000,senior,103A,103A,M,10,,true,103A,
dataset/raw_audio/AudioCropped/10Y-103A-M1-NC-32.wav,data/meowagenet/official-3d02295bef15/AudioCropped/10Y-103A-M1-NC-32.wav,10Y-103A-M1-NC-32.wav,09f8b32d7d63eab8096115488b0c694000cd3ffd,687e3b4875e40c8a6b4db7924177d016ffff0a9de4df31dc498a4e5a669cda8b,65538,96000,1,16,0.340573,10Y,10.000000,senior,103A,103A,M,10,,true,103A,
dataset/raw_audio/AudioCropped/10Y-103A-M1-NC-33.wav,data/meowagenet/official-3d02295bef15/AudioCropped/10Y-103A-M1-NC-33.wav,10Y-103A-M1-NC-33.wav,97402fff4a60b379efc272288b85c3e4334a2baf,4aebb17a737eec3d2b74c2e790ece9b183d52a5ba976e489dc85653e9d9be413,75210,96000,1,16,0.390948,10Y,10.000000,senior,103A,103A,M,10,,true,103A,
dataset/raw_audio/AudioCropped/10Y-103A-M1-NC-34.wav,data/meowagenet/official-3d02295bef15/AudioCropped/10Y-103A-M1-NC-34.wav,10Y-103A-M1-NC-34.wav,c9efa473e109cf253d39eee6c25359493d748317,baca73930843c9b35df0709c02bfa8c36abb9bc7a794aeb8296f0fea2603aa01,175444,96000,1,16,0.913000,10Y,10.000000,senior,103A,103A,M,10,,true,103A,
dataset/raw_audio/AudioCropped/11Y-008A-M1-01.wav,data/meowagenet/official-3d02295bef15/AudioCropped/11Y-008A-M1-01.wav,11Y-008A-M1-01.wav,c3ce2a61cd1d56f8c1a08a24773126e012ec0e0d,ee8ff25e3d9a928bdac4e0c49aabb99b0d913d16dc69e811e0debcd69763757d,55034,48000,1,16,0.571833,11Y,11.000000,senior,008A,008A,M,11,,true,008A,
dataset/raw_audio/AudioCropped/11Y-008A-M1-02.wav,data/meowagenet/official-3d02295bef15/AudioCropped/11Y-008A-M1-02.wav,11Y-008A-M1-02.wav,2e48573b9b03f7ce9854cb50c0b32f23a18b14be,b16856d5445982cc5401fd5b49955f44c99ee6fc2b6abdc127a50f5f4650da3f,126280,48000,1,16,1.313979,11Y,11.000000,senior,008A,008A,M,11,,true,008A,
dataset/raw_audio/AudioCropped/11Y-008A-M1-03.wav,data/meowagenet/official-3d02295bef15/AudioCropped/11Y-008A-M1-03.wav,11Y-008A-M1-03.wav,07174d28a2102c5f1a09c9f10cd0432864fa7f44,c6af8abc6c5d28424604a731c83620c6d2904a8ff6586454d5f09cc8073a3309,71764,48000,1,16,0.746104,11Y,11.000000,senior,008A,008A,M,11,,true,008A,
dataset/raw_audio/AudioCropped/11Y-008A-M1-04.wav,data/meowagenet/official-3d02295bef15/AudioCropped/11Y-008A-M1-04.wav,11Y-008A-M1-04.wav,c6c396e1c6f0366930b239c0f304293378b01f2e,a17f64e4211ec341201020ef5dbabfd5eacb8a8d29e9a8da666e9760204af0e8,73830,48000,1,16,0.767625,11Y,11.000000,senior,008A,008A,M,11,,true,008A,
dataset/raw_audio/AudioCropped/11Y-008A-M1-05.wav,data/meowagenet/official-3d02295bef15/AudioCropped/11Y-008A-M1-05.wav,11Y-008A-M1-05.wav,6d0e33984a0fb9dcbaa7821e7937579b46638c21,11ea13faaa4d85e459c7d672921e6b019f8a1e75cce284a14fc99c72a8e46429,89110,48000,1,16,0.926792,11Y,11.000000,senior,008A,008A,M,11,,true,008A,
dataset/raw_audio/AudioCropped/11Y-015A-M1-01.wav,data/meowagenet/official-3d02295bef15/AudioCropped/11Y-015A-M1-01.wav,11Y-015A-M1-01.wav,96eb3375204369e7ab21838594741833b39f6749,f80dd39cd69356868991afcece25d51b82dcdac9b86d5eb9a984dca64e754304,102028,48000,1,16,1.062333,11Y,11.000000,senior,015A,015A,M,11,,true,015A,
dataset/raw_audio/AudioCropped/11Y-015A-M2-01.wav,data/meowagenet/official-3d02295bef15/AudioCropped/11Y-015A-M2-01.wav,11Y-015A-M2-01.wav,8cc703adf6d1942681587761125be791e07d0f77,8532ee220aa68de78563b97f9d973873ac679f3ba4fb542b4cd59c9e58597626,91162,48000,1,16,0.949146,11Y,11.000000,senior,015A,015A,M,11,,true,015A,
dataset/raw_audio/AudioCropped/11Y-015A-M3-01.wav,data/meowagenet/official-3d02295bef15/AudioCropped/11Y-015A-M3-01.wav,11Y-015A-M3-01.wav,2cfd8eedbff1f8678c598e0c143d3f93fa056c27,b20ccdbecf813611612e19c2ef897ea9269957648bd65c176a6721abd1e5c3ec,94572,48000,1,16,0.984667,11Y,11.000000,senior,015A,015A,M,11,,true,015A,
dataset/raw_audio/AudioCropped/11Y-015A-M4-01.wav,data/meowagenet/official-3d02295bef15/AudioCropped/11Y-015A-M4-01.wav,11Y-015A-M4-01.wav,de3873d4e017e93d590a160082537b1488045a92,dbc289e32cf676139a05a05403a05f7a8d281b0529c82337e7d8e75fa1c9b223,97188,48000,1,16,1.011917,11Y,11.000000,senior,015A,015A,M,11,,true,015A,
dataset/raw_audio/AudioCropped/11Y-015A-M5-01.wav,data/meowagenet/official-3d02295bef15/AudioCropped/11Y-015A-M5-01.wav,11Y-015A-M5-01.wav,a4150b4aaf9d8dadd5f5b0f2fbed4b987bd7c3ff,9f6d7a1064fc95107214afa8f9ee6ffc591dfe81cdda263308ec80df2fe34238,92152,48000,1,16,0.959458,11Y,11.000000,senior,015A,015A,M,11,,true,015A,
dataset/raw_audio/AudioCropped/11Y-015A-M6-01.wav,data/meowagenet/official-3d02295bef15/AudioCropped/11Y-015A-M6-01.wav,11Y-015A-M6-01.wav,bdb74f5dfd594e663c31ed0513384dddb1724521,49e1abd0e8939bf45966bbf70283d88f976a2a89e696d920a237106a4d769b65,75420,48000,1,16,0.785167,11Y,11.000000,senior,015A,015A,M,11,,true,015A,
dataset/raw_audio/AudioCropped/11Y-015A-M7.wav,data/meowagenet/official-3d02295bef15/AudioCropped/11Y-015A-M7.wav,11Y-015A-M7.wav,c557661165a6bf7c186206b2a05decfba4598c21,6416d680cf8638e19974e9192066d65c865d4c3632c550a8cdede4af0d69df33,75962,48000,1,16,0.790813,11Y,11.000000,senior,015A,015A,M,11,,true,015A,
dataset/raw_audio/AudioCropped/11Y-053A-F-01.wav,data/meowagenet/official-3d02295bef15/AudioCropped/11Y-053A-F-01.wav,11Y-053A-F-01.wav,83f66b0574b76319a0d179a6ebb5fdde40d23aa5,c6d41aaf722c6dbc1d8aa475d9374eb6e79a0626198fd225d275a1205b4106a9,128468,44100,1,16,1.454308,11Y,11.000000,senior,053A,053A,F,11,,true,053A,
dataset/raw_audio/AudioCropped/11Y-053A-F-02.wav,data/meowagenet/official-3d02295bef15/AudioCropped/11Y-053A-F-02.wav,11Y-053A-F-02.wav,7e0bf14ce5e0c87674da62e14342278a6a0bc6ab,dac57b337c40c702b46127c42f17a9a41f449ac3342d5fc41dbcc9a0803f689d,115996,44100,1,16,1.312902,11Y,11.000000,senior,053A,053A,F,11,,true,053A,
dataset/raw_audio/AudioCropped/11Y-053A-F-03.wav,data/meowagenet/official-3d02295bef15/AudioCropped/11Y-053A-F-03.wav,11Y-053A-F-03.wav,d9aa8576a34978dc0d0c2eeade61ecf115a7621b,9553f8539e15536193b121364a9d358f741efacb0cd193941afdfe05b2238592,92390,44100,1,16,1.045261,11Y,11.000000,senior,053A,053A,F,11,,true,053A,
dataset/raw_audio/AudioCropped/11Y-091A-M2.wav,data/meowagenet/official-3d02295bef15/AudioCropped/11Y-091A-M2.wav,11Y-091A-M2.wav,9afe648437102b91926beffc869c4e70be35cdd2,0f5e1ac9ae0dee5329340b4b7f7127b4f2b30e682ac9834eaa7daf75a2db89dc,84674,48000,1,16,0.881563,11Y,11.000000,senior,091A,091A,M,11,,true,091A,
dataset/raw_audio/AudioCropped/12Y-054A-X-01.wav,data/meowagenet/official-3d02295bef15/AudioCropped/12Y-054A-X-01.wav,12Y-054A-X-01.wav,bd0ba9943ead2bb8401d860d678db9c8c51b5be1,27fc3a5241b3369e094d64adfd69f57fa0832a543af351fe10ebb423ed19fbec,53732,48000,1,16,0.558396,12Y,12.000000,senior,054A,054A,X,12,,true,054A,
dataset/raw_audio/AudioCropped/12Y-054A-X-02.wav,data/meowagenet/official-3d02295bef15/AudioCropped/12Y-054A-X-02.wav,12Y-054A-X-02.wav,c658f9538d91c75d50f21631708be7fd128b4325,ac8b0fad92735ce4fd537e0711031507ccc18b0940798fbf66f0a99d94dcc9a0,56334,48000,1,16,0.585500,12Y,12.000000,senior,054A,054A,X,12,,true,054A,
dataset/raw_audio/AudioCropped/13Y-016A-M1-01.wav,data/meowagenet/official-3d02295bef15/AudioCropped/13Y-016A-M1-01.wav,13Y-016A-M1-01.wav,29df921da7b5dfa39b43d0cc1176bde31ef901e1,8d988dcbf0f12d5617bb9d5916ed3d90a2eb97a52b05c7f0506cf5f4fa5287f4,66008,48000,1,16,0.686146,13Y,13.000000,senior,016A,016A,M,13,,true,016A,
dataset/raw_audio/AudioCropped/13Y-016A-M1-02.wav,data/meowagenet/official-3d02295bef15/AudioCropped/13Y-016A-M1-02.wav,13Y-016A-M1-02.wav,b3fb8559f023ed9d2a38a7114c09a9a34f125cd8,b28847c1f2a99bcf0a57769ad255e68fc4967263da0c87a2bd6e3f83d06937ee,70782,48000,1,16,0.735875,13Y,13.000000,senior,016A,016A,M,13,,true,016A,
dataset/raw_audio/AudioCropped/13Y-016A-M1-03.wav,data/meowagenet/official-3d02295bef15/AudioCropped/13Y-016A-M1-03.wav,13Y-016A-M1-03.wav,7f9e72e0bae56b7a2a950b7fa5e98dcf8a441439,b88c857386623140ef7c1a0086993d3f3b42cfe7ab4711a7417729a9da896b6a,55506,48000,1,16,0.576750,13Y,13.000000,senior,016A,016A,M,13,,true,016A,
dataset/raw_audio/AudioCropped/13Y-016A-M1-04.wav,data/meowagenet/official-3d02295bef15/AudioCropped/13Y-016A-M1-04.wav,13Y-016A-M1-04.wav,0da5e48aa222a4e1aea07f220b237c222e8287b9,3931273cae7505dc2e4c09954cd55135e48b90d9ea5d4dab020b3f57cbc116c6,46576,48000,1,16,0.483729,13Y,13.000000,senior,016A,016A,M,13,,true,016A,
dataset/raw_audio/AudioCropped/13Y-016A-M2-01.wav,data/meowagenet/official-3d02295bef15/AudioCropped/13Y-016A-M2-01.wav,13Y-016A-M2-01.wav,6290c9f2abe94a7b3f34d7e1c7846b635956259a,59dae17c1698243a136e1b3cc293857506e2c7ddea5efdd8bb5eb27593036b8a,44966,48000,1,16,0.466958,13Y,13.000000,senior,016A,016A,M,13,,true,016A,
dataset/raw_audio/AudioCropped/13Y-016A-M2-02.wav,data/meowagenet/official-3d02295bef15/AudioCropped/13Y-016A-M2-02.wav,13Y-016A-M2-02.wav,e2a8eb8723493b9444f4b814ae5ee42442cced86,4c91d717628e4aefc993b904b2766167f9eef7c88a867dd52b39423781a8ad7e,85798,48000,1,16,0.892292,13Y,13.000000,senior,016A,016A,M,13,,true,016A,
dataset/raw_audio/AudioCropped/13Y-016A-M2-03.wav,data/meowagenet/official-3d02295bef15/AudioCropped/13Y-016A-M2-03.wav,13Y-016A-M2-03.wav,fc5861b79bbe58b14f7f5e3f2cee8062ebbf53e4,9f9312523a6abb69b02a93ac0230c06cb713a20e226b8b5dfad5b4777574b3b9,102016,48000,1,16,1.061229,13Y,13.000000,senior,016A,016A,M,13,,true,016A,
dataset/raw_audio/AudioCropped/13Y-016A-M2-04.wav,data/meowagenet/official-3d02295bef15/AudioCropped/13Y-016A-M2-04.wav,13Y-016A-M2-04.wav,6200e0fa72ed5368f133c517a49351d2012b2bd2,c02a83f1c31c4b91eeb7fdeb521e04b795fe8fcae8785e555711472bde56ae12,95878,48000,1,16,0.997292,13Y,13.000000,senior,016A,016A,M,13,,true,016A,
dataset/raw_audio/AudioCropped/13Y-016A-M2-05.wav,data/meowagenet/official-3d02295bef15/AudioCropped/13Y-016A-M2-05.wav,13Y-016A-M2-05.wav,acad1d4171b307e2c5895fcdca067df08403fabb,ad9eac0da7b0ce055a0fee744e2699d963abcd16371abf66826f19ed1d9acbf7,79000,48000,1,16,0.821479,13Y,13.000000,senior,016A,016A,M,13,,true,016A,
dataset/raw_audio/AudioCropped/13Y-055A-F-05.wav,data/meowagenet/official-3d02295bef15/AudioCropped/13Y-055A-F-05.wav,13Y-055A-F-05.wav,c1fa56e46d3d638d3edcb8b10634946f319e7830,163100af646ef7d014d9cf965da917c4f5b87e2a4821e6e934b5f5bdd4912ae1,86676,48000,1,16,0.902417,13Y,13.000000,senior,055A,055A,F,13,,true,055A,
dataset/raw_audio/AudioCropped/13Y-055A-F-06.wav,data/meowagenet/official-3d02295bef15/AudioCropped/13Y-055A-F-06.wav,13Y-055A-F-06.wav,3f8377d31d6fa4dbb04ed106186fa1699b4f5986,3e0b8efc3aa60c0f47645561f207ea8e5692a6015d881662bfa15884e58f839a,107008,48000,1,16,1.114208,13Y,13.000000,senior,055A,055A,F,13,,true,055A,
dataset/raw_audio/AudioCropped/13Y-055A-F-07.wav,data/meowagenet/official-3d02295bef15/AudioCropped/13Y-055A-F-07.wav,13Y-055A-F-07.wav,8baf9cc28626d43fda8577cd6378f1d3ba1b3a79,c63d4742739b7ed080b1cd815e8672d571e1087e77486068ddb144d6cc805a81,133528,48000,1,16,1.390458,13Y,13.000000,senior,055A,055A,F,13,,true,055A,
dataset/raw_audio/AudioCropped/13Y-055A-F-08.wav,data/meowagenet/official-3d02295bef15/AudioCropped/13Y-055A-F-08.wav,13Y-055A-F-08.wav,c6c49f59ad2b20fa77d97e94e61fa09815661bc7,5bddb5fdc91c61e1e15ba6feffa980e99c369c4acf345a1a1fdfa1f997f65a9b,128224,48000,1,16,1.335208,13Y,13.000000,senior,055A,055A,F,13,,true,055A,
dataset/raw_audio/AudioCropped/13Y-055A-F-09.wav,data/meowagenet/official-3d02295bef15/AudioCropped/13Y-055A-F-09.wav,13Y-055A-F-09.wav,7424d56b060e1c1c129a2a27be06a0d9c20857b7,8c619f477f81b071b808050836bfce2dfc3520c6f080db1b287b1c05edd55541,84024,48000,1,16,0.874792,13Y,13.000000,senior,055A,055A,F,13,,true,055A,
dataset/raw_audio/AudioCropped/13Y-055A-F-11.wav,data/meowagenet/official-3d02295bef15/AudioCropped/13Y-055A-F-11.wav,13Y-055A-F-11.wav,a3d3f0974a53266010bee9c8c93288a065df887a,e26e88398644219a87bb61e8d9a0baa67c62a381d2f1794e3414c508f52136bc,103472,48000,1,16,1.077375,13Y,13.000000,senior,055A,055A,F,13,,true,055A,
dataset/raw_audio/AudioCropped/13Y-055A-F-15.wav,data/meowagenet/official-3d02295bef15/AudioCropped/13Y-055A-F-15.wav,13Y-055A-F-15.wav,371aefa6b6037a90df90267a59a25f0d2edc68c0,3d584b66c9ffff6406bf98b4ae6c85221c9b27ff1889081b7334fef0b26223b5,99936,48000,1,16,1.040542,13Y,13.000000,senior,055A,055A,F,13,,true,055A,
dataset/raw_audio/AudioCropped/13Y-055A-F-16.wav,data/meowagenet/official-3d02295bef15/AudioCropped/13Y-055A-F-16.wav,13Y-055A-F-16.wav,e268f81b90a4e1fb7750b51ed20d017dee785cda,4d8bbd86d7863b2a9b7be490ce881df13a3b87b568635308af0d239f87ef693e,137098,48000,1,16,1.427646,13Y,13.000000,senior,055A,055A,F,13,,true,055A,
dataset/raw_audio/AudioCropped/13Y-055A-F-19.wav,data/meowagenet/official-3d02295bef15/AudioCropped/13Y-055A-F-19.wav,13Y-055A-F-19.wav,b16d873e21528b7eb5a98070b85dc493cc48b3d1,e4c5793eee8218a2440554ef087ab0240ff5a91295a69497cf6dcb745e43ea28,91980,48000,1,16,0.957667,13Y,13.000000,senior,055A,055A,F,13,,true,055A,
dataset/raw_audio/AudioCropped/13Y-055A-F-20.wav,data/meowagenet/official-3d02295bef15/AudioCropped/13Y-055A-F-20.wav,13Y-055A-F-20.wav,98468806463491f1a0b9fd6ec14bb4164c9356fa,428899fce379d0c35caa63748f9e3f60a3c97b556cc08f5da68600e96b7c9c1f,124688,48000,1,16,1.298375,13Y,13.000000,senior,055A,055A,F,13,,true,055A,
dataset/raw_audio/AudioCropped/13Y-055A-F-21.wav,data/meowagenet/official-3d02295bef15/AudioCropped/13Y-055A-F-21.wav,13Y-055A-F-21.wav,0c18f87cc54e7f35e7143f734a0d0ab070de55ff,86cef970085095859a573f538afc068e84d45735cd5997e32022bcc83d2a99ea,114080,48000,1,16,1.187875,13Y,13.000000,senior,055A,055A,F,13,,true,055A,
dataset/raw_audio/AudioCropped/13Y-055A-F-22.wav,data/meowagenet/official-3d02295bef15/AudioCropped/13Y-055A-F-22.wav,13Y-055A-F-22.wav,aee805e46248eea75a6026141262fbf1fcb9baf4,bf05ce5fb91452287cee36eb15e4cd3f388edd7f927ca9d2d6bda8428266fe73,79604,48000,1,16,0.828750,13Y,13.000000,senior,055A,055A,F,13,,true,055A,
dataset/raw_audio/AudioCropped/14Y-051A-F1-01 2.wav,data/meowagenet/official-3d02295bef15/AudioCropped/14Y-051A-F1-01 2.wav,14Y-051A-F1-01 2.wav,c935d30f20d634dd4b6e4059a93da1fe0ba72411,6fd7acb0f9d388dbeb3273f8bab9f0a7ad5207e318fe2fc3cf5b259fc83fd072,9284,16000,1,16,0.284687,14Y,14.000000,senior,051A,051A,F,14,,true,051A,
dataset/raw_audio/AudioCropped/14Y-051A-F1-01.wav,data/meowagenet/official-3d02295bef15/AudioCropped/14Y-051A-F1-01.wav,14Y-051A-F1-01.wav,43de220abc2cda5fa93deb24636c95cdc8c42b1b,3100ea42d663073de1817dbff8e80d4a7876bd1a6a2b6d6427d69456392a133f,23088,44100,1,16,0.259751,14Y,14.000000,senior,051A,051A,F,14,,true,051A,
dataset/raw_audio/AudioCropped/14Y-051A-F1-02-2.wav,data/meowagenet/official-3d02295bef15/AudioCropped/14Y-051A-F1-02-2.wav,14Y-051A-F1-02-2.wav,f82544458dfb58a3b9a9442cea45e01e4794da7f,6da4f2c2cac9481d91befaa99e6fb5760e795e283350ea40a63d6ed5e4e2ac76,5918,16000,1,16,0.179500,14Y,14.000000,senior,051A,051A,F,14,,true,051A,
dataset/raw_audio/AudioCropped/14Y-051A-F1-02.wav,data/meowagenet/official-3d02295bef15/AudioCropped/14Y-051A-F1-02.wav,14Y-051A-F1-02.wav,2f31b2f406146ea21dbf9702675f13d19b4e5946,1d7cffc9991d292554fd3a750d646a118600d392fed6fe0263390272e39b728b,31376,44100,1,16,0.353719,14Y,14.000000,senior,051A,051A,F,14,,true,051A,
dataset/raw_audio/AudioCropped/14Y-051A-F1-03-2.wav,data/meowagenet/official-3d02295bef15/AudioCropped/14Y-051A-F1-03-2.wav,14Y-051A-F1-03-2.wav,04237d3e403abcce913dbd1f87cf66e32dbe3104,d5f6c7a3748dc598bf802e4ea043bc8bc1c94eaa2538384b82b4daf1ca80d785,5810,16000,1,16,0.176125,14Y,14.000000,senior,051A,051A,F,14,,true,051A,
dataset/raw_audio/AudioCropped/14Y-051A-F1-03.wav,data/meowagenet/official-3d02295bef15/AudioCropped/14Y-051A-F1-03.wav,14Y-051A-F1-03.wav,8c26050efe5410dcd46ba24796437ee42eddcef1,1cc28649a769b285e7c2e66a68bcff12715e4fb2cc431e3619fbb06e88f825ba,20884,44100,1,16,0.234762,14Y,14.000000,senior,051A,051A,F,14,,true,051A,
dataset/raw_audio/AudioCropped/14Y-051A-F1-04-2.wav,data/meowagenet/official-3d02295bef15/AudioCropped/14Y-051A-F1-04-2.wav,14Y-051A-F1-04-2.wav,36685902647b0e9b8d687a0615de02e27114e22c,c8a2598fe1a62e45b990c74c034fbe5c46c68b148fa338007b457b132671136d,5920,16000,1,16,0.179563,14Y,14.000000,senior,051A,051A,F,14,,true,051A,
dataset/raw_audio/AudioCropped/14Y-051A-F1-04.wav,data/meowagenet/official-3d02295bef15/AudioCropped/14Y-051A-F1-04.wav,14Y-051A-F1-04.wav,a975b3cafbef2746dbab8a6d5bb0cfec981bcc09,c807944687255cf3045f61e2b259cf9e6cdcd6e8548200fd06ed22c16739e9d6,25040,44100,1,16,0.281882,14Y,14.000000,senior,051A,051A,F,14,,true,051A,
dataset/raw_audio/AudioCropped/14Y-051A-F1-05.wav,data/meowagenet/official-3d02295bef15/AudioCropped/14Y-051A-F1-05.wav,14Y-051A-F1-05.wav,153fa2cee644a5cc4a44ddf22a149a5c93bfd4af,a2a3ade2b5b08f5582f6aefd03f2e20cb757ed727232272ad78d77053d57688e,35276,44100,1,16,0.397937,14Y,14.000000,senior,051A,051A,F,14,,true,051A,
dataset/raw_audio/AudioCropped/14Y-051A-F1-06.wav,data/meowagenet/official-3d02295bef15/AudioCropped/14Y-051A-F1-06.wav,14Y-051A-F1-06.wav,1e149603e8dc5a2f0570caab1ff0c9fd093f39ff,2e53c14e2365563a6ed2b921ee6832d1a88da3eb82e6d2b91a4a3d46483df6e6,35764,44100,1,16,0.403469,14Y,14.000000,senior,051A,051A,F,14,,true,051A,
dataset/raw_audio/AudioCropped/14Y-051A-F1-07.wav,data/meowagenet/official-3d02295bef15/AudioCropped/14Y-051A-F1-07.wav,14Y-051A-F1-07.wav,bd30e73bcfdef53335788a5437f66172e0adf864,2bbcd136caf7e3961d9070e61ed1b9974932d9babc9be8e4f45bee1ab19be04f,8464,44100,1,16,0.093946,14Y,14.000000,senior,051A,051A,F,14,,true,051A,
dataset/raw_audio/AudioCropped/14Y-051A-F1-08.wav,data/meowagenet/official-3d02295bef15/AudioCropped/14Y-051A-F1-08.wav,14Y-051A-F1-08.wav,8b93b5d51cd9a880f876a6dcc057a9c051d2e909,db1f7d0d8b59378a1d55b97bab7c4816c9886ea512257c37887062a9c976441d,31376,44100,1,16,0.353719,14Y,14.000000,senior,051A,051A,F,14,,true,051A,
dataset/raw_audio/AudioCropped/14Y-093A-X1-01.wav,data/meowagenet/official-3d02295bef15/AudioCropped/14Y-093A-X1-01.wav,14Y-093A-X1-01.wav,0292ed529104ea11d781a15c9a0bc452ce86bf0b,f8551e0e4060ec0d5a855eacdde77810a11f4d4d51431b9e6a26f7574261489a,84290,48000,1,16,0.876583,14Y,14.000000,senior,093A,093A,X,14,,true,093A,
dataset/raw_audio/AudioCropped/14Y-093A-X1-02.wav,data/meowagenet/official-3d02295bef15/AudioCropped/14Y-093A-X1-02.wav,14Y-093A-X1-02.wav,fa8a2084eb36bc32069174cabf11a5c2367c2435,4da6269ccf774833c41d6e6532cc2d541dc0c936b72bc7157e31a897ddfa03cd,54160,48000,1,16,0.562729,14Y,14.000000,senior,093A,093A,X,14,,true,093A,
dataset/raw_audio/AudioCropped/14Y-113A-F1.wav,data/meowagenet/official-3d02295bef15/AudioCropped/14Y-113A-F1.wav,14Y-113A-F1.wav,cf634cc1c20b7dff319166aa3b2b91d46803080f,16abe0a39d662b8e7b563be4a2283354b9b71ca3dcce165dfa3c2913ee98a0a3,36970,44100,1,16,0.418662,14Y,14.000000,senior,113A,113A,F,14,,true,113A,
dataset/raw_audio/AudioCropped/14Y-113A-F2.wav,data/meowagenet/official-3d02295bef15/AudioCropped/14Y-113A-F2.wav,14Y-113A-F2.wav,c256f015302e8ac25a457b77352309d5c5994d1c,578a274a5f215f1d582f2c00c04a0485154f83b594f19a979c890eb523f3a836,44094,44100,1,16,0.499433,14Y,14.000000,senior,113A,113A,F,14,,true,113A,
dataset/raw_audio/AudioCropped/14Y-113A-F3.wav,data/meowagenet/official-3d02295bef15/AudioCropped/14Y-113A-F3.wav,14Y-113A-F3.wav,0613d0a3737d14519fc6c8467e7cea6f449bb05e,b68d59b04625dee725cb104318c97a972c089fe9fb7e76025b995ae6eee90b04,53900,44100,1,16,0.610612,14Y,14.000000,senior,113A,113A,F,14,,true,113A,
dataset/raw_audio/AudioCropped/15Y-024A-M1-02.wav,data/meowagenet/official-3d02295bef15/AudioCropped/15Y-024A-M1-02.wav,15Y-024A-M1-02.wav,82ab67e49939ddd7a5e31775ffe1766f085ca993,2b553c6f21c33c4d58fd94c31157a209555afd7030f0ef29ff119f13f4d4b06d,76416,48000,1,16,0.794562,15Y,15.000000,senior,024A,024A,M,15,,true,024A,
dataset/raw_audio/AudioCropped/15Y-056A-X-01.wav,data/meowagenet/official-3d02295bef15/AudioCropped/15Y-056A-X-01.wav,15Y-056A-X-01.wav,0a8e19d1f6dc7a43167c9b6be05b0a11492cd75c,6eee1e26fbc04df25e7993ccafbedbba814629bfc2e1d941557b30fb78d50df8,153634,44100,2,16,0.869977,15Y,15.000000,senior,056A,056A,X,15,,true,056A,
dataset/raw_audio/AudioCropped/15Y-056A-X-02.wav,data/meowagenet/official-3d02295bef15/AudioCropped/15Y-056A-X-02.wav,15Y-056A-X-02.wav,1f16515cd89c6b0ad1473f753896e60b2feea50a,18f2d955d1ca6bf4bb78d096ec7c225f4416631db7c35feb88d116fb25cb178b,159102,44100,2,16,0.900975,15Y,15.000000,senior,056A,056A,X,15,,true,056A,
dataset/raw_audio/AudioCropped/15Y-056A-X-03.wav,data/meowagenet/official-3d02295bef15/AudioCropped/15Y-056A-X-03.wav,15Y-056A-X-03.wav,7df0248111606975c4c4dae24f873cb5b92cf2f0,4b5c0679b7b6b947687f96f586dda21ac5933b155d69da4e8b61f113f622efd5,124494,44100,2,16,0.704785,15Y,15.000000,senior,056A,056A,X,15,,true,056A,
dataset/raw_audio/AudioCropped/15Y-104A-F1-NC-01.wav,data/meowagenet/official-3d02295bef15/AudioCropped/15Y-104A-F1-NC-01.wav,15Y-104A-F1-NC-01.wav,d8c69bee49f8a1ddbb27d0a037b6482e16b99f7c,893ff6df12edd4b613e963803351e83cf62e6f495ee973fa385e925fa7c041f6,72542,44100,1,16,0.820816,15Y,15.000000,senior,104A,104A,F,15,,true,104A,
dataset/raw_audio/AudioCropped/15Y-104A-F1-NC-02.wav,data/meowagenet/official-3d02295bef15/AudioCropped/15Y-104A-F1-NC-02.wav,15Y-104A-F1-NC-02.wav,ea3900a5161417e43c6c491ccdada4a36d6f46ee,2765ff61978b76fcc97801e4b5ceb85e14acce369d4e484fec6f0fdd36d14c3f,47958,44100,1,16,0.542086,15Y,15.000000,senior,104A,104A,F,15,,true,104A,
dataset/raw_audio/AudioCropped/15Y-104A-F1-NC-03.wav,data/meowagenet/official-3d02295bef15/AudioCropped/15Y-104A-F1-NC-03.wav,15Y-104A-F1-NC-03.wav,19e86cfc2171273949bf55c08c6a77e2f8d986cc,55462c6dba4a959f1b75567334e677c658e808731edf759b8d5f3876e9300786,47958,44100,1,16,0.542086,15Y,15.000000,senior,104A,104A,F,15,,true,104A,
dataset/raw_audio/AudioCropped/15Y-104A-F1-NC-04.wav,data/meowagenet/official-3d02295bef15/AudioCropped/15Y-104A-F1-NC-04.wav,15Y-104A-F1-NC-04.wav,7bdaf7f60759f05f7fb00910d5359d8d244baa09,86257f8cc6e67050ee2807d45bb32449d461404df8c0a4c96c732be076bfb899,71184,44100,1,16,0.805420,15Y,15.000000,senior,104A,104A,F,15,,true,104A,
dataset/raw_audio/AudioCropped/15Y-106A-M1-AW-01.wav,data/meowagenet/official-3d02295bef15/AudioCropped/15Y-106A-M1-AW-01.wav,15Y-106A-M1-AW-01.wav,fa66f5723d51764a8ef9e0bc3542c251ac4b2b59,fe54748977ca59e292d286ad7db3f7b98280c8b8decc274dd0780cf9e93d7213,67586,48000,1,16,0.702500,15Y,15.000000,senior,106A,106A,M,15,,true,106A,
dataset/raw_audio/AudioCropped/15Y-106A-M1-AW-02.wav,data/meowagenet/official-3d02295bef15/AudioCropped/15Y-106A-M1-AW-02.wav,15Y-106A-M1-AW-02.wav,a972871744edd8c482a042c9b7e5190f38dd0ed1,b638b5fcefe15eb401d96244fa42c43a86db72dcc67da5f44c8a5df9eabe5241,15864,48000,1,16,0.163729,15Y,15.000000,senior,106A,106A,M,15,,true,106A,
dataset/raw_audio/AudioCropped/15Y-106A-M1-AW-03.wav,data/meowagenet/official-3d02295bef15/AudioCropped/15Y-106A-M1-AW-03.wav,15Y-106A-M1-AW-03.wav,f6e74ffada245e740e142b31095b68795801f288,879a646d108a337d89cdc40891f9a5f0e0b0ee4ed0d3d4f2e28b0d680c5072e9,13852,48000,1,16,0.142771,15Y,15.000000,senior,106A,106A,M,15,,true,106A,
dataset/raw_audio/AudioCropped/15Y-106A-M2-AT-01.wav,data/meowagenet/official-3d02295bef15/AudioCropped/15Y-106A-M2-AT-01.wav,15Y-106A-M2-AT-01.wav,e73fbd2d176c541ce7a16c913d7496ec193cbdd3,b3ce586daad9b9e00bbc25f74c165497cdb38b40dd0687ffc1c05243180d0f68,54654,48000,1,16,0.567792,15Y,15.000000,senior,106A,106A,M,15,,true,106A,
dataset/raw_audio/AudioCropped/15Y-106A-M2-AT-02.wav,data/meowagenet/official-3d02295bef15/AudioCropped/15Y-106A-M2-AT-02.wav,15Y-106A-M2-AT-02.wav,d975e02eee98e1a31b0da20316be65d24f793654,502474c7f57dd7a341963d4afea8f9158ba3184f241097c47aae1b62badcdd02,46642,48000,1,16,0.484333,15Y,15.000000,senior,106A,106A,M,15,,true,106A,
dataset/raw_audio/AudioCropped/15Y-106A-M2-AT-03.wav,data/meowagenet/official-3d02295bef15/AudioCropped/15Y-106A-M2-AT-03.wav,15Y-106A-M2-AT-03.wav,11f31e9acee57e5b4d4a5d10cb8d0610cb9fbbb5,004d8475f23e8a61ef5dafaf8c45205a232c014ece32878c3cc8729598881c62,42636,48000,1,16,0.442604,15Y,15.000000,senior,106A,106A,M,15,,true,106A,
dataset/raw_audio/AudioCropped/15Y-106A-M2-AT-04.wav,data/meowagenet/official-3d02295bef15/AudioCropped/15Y-106A-M2-AT-04.wav,15Y-106A-M2-AT-04.wav,bf1e3081996e2bcf1055ca2bf4c1c9d4f221c738,02a030502a33f6b3c9a62a8adf0042956226e7be5b016b7ce86f692791b46c61,57374,48000,1,16,0.596125,15Y,15.000000,senior,106A,106A,M,15,,true,106A,
dataset/raw_audio/AudioCropped/15Y-106A-M2-AT-05.wav,data/meowagenet/official-3d02295bef15/AudioCropped/15Y-106A-M2-AT-05.wav,15Y-106A-M2-AT-05.wav,3d68bc69220c12c67292956ddc6d2d6704ce21ca,1848ac78e10f79f9258c13e746e87bd954456159ccc7faf4dba188a83a04119d,33556,48000,1,16,0.348021,15Y,15.000000,senior,106A,106A,M,15,,true,106A,
dataset/raw_audio/AudioCropped/15Y-106A-M2-AT-06.wav,data/meowagenet/official-3d02295bef15/AudioCropped/15Y-106A-M2-AT-06.wav,15Y-106A-M2-AT-06.wav,a8582d8d1cab7f6b9c48c35c1497eee502c09a57,43b1e66febcb42d5c413c99056089e35801b10f28339a0deede8146c97e071da,46630,48000,1,16,0.484208,15Y,15.000000,senior,106A,106A,M,15,,true,106A,
dataset/raw_audio/AudioCropped/15Y-106A-M3-NC-01.wav,data/meowagenet/official-3d02295bef15/AudioCropped/15Y-106A-M3-NC-01.wav,15Y-106A-M3-NC-01.wav,d3bb70d7e7c047e73cd68c3fcf50ae16d67b10e6,14090f6db4aae3328146fd5edd4d34f8af04904a0b17c8af6fa636781954bc85,65336,48000,1,16,0.679146,15Y,15.000000,senior,106A,106A,M,15,,true,106A,
dataset/raw_audio/AudioCropped/15Y-106A-M3-NC-02.wav,data/meowagenet/official-3d02295bef15/AudioCropped/15Y-106A-M3-NC-02.wav,15Y-106A-M3-NC-02.wav,79247edc9a6323f3a6a3d3ae07adb63123596e23,8355114a78244e129ee206743813eaa25d4e251a310e582329092f93f1a46806,87904,48000,1,16,0.914229,15Y,15.000000,senior,106A,106A,M,15,,true,106A,
dataset/raw_audio/AudioCropped/15Y-106A-M3-NC-03.wav,data/meowagenet/official-3d02295bef15/AudioCropped/15Y-106A-M3-NC-03.wav,15Y-106A-M3-NC-03.wav,a5a58ee63d3cd68743339fdb72969a8d5ff4bed7,0a7c44ed157d365b4b7cf883e32346a3a836097d924a4b9160010d891dec8206,94868,48000,1,16,0.986771,15Y,15.000000,senior,106A,106A,M,15,,true,106A,
dataset/raw_audio/AudioCropped/15Y-106A-M3-NC-04.wav,data/meowagenet/official-3d02295bef15/AudioCropped/15Y-106A-M3-NC-04.wav,15Y-106A-M3-NC-04.wav,7ecce442973e1eef73f606fce03c73a43ec2f549,ab9623a42bb670a1f03868a44726f6d17db6631033bd49a61e4ed860ea2a7605,103228,48000,1,16,1.073854,15Y,15.000000,senior,106A,106A,M,15,,true,106A,
dataset/raw_audio/AudioCropped/16Y-051B-M-01.wav,data/meowagenet/official-3d02295bef15/AudioCropped/16Y-051B-M-01.wav,16Y-051B-M-01.wav,dc949db0e524b7c887ee2e8003882229cb17247c,06de3a96fe39781fc99410fce1e5f082b22c58437cf2e1be60d81e2435f73077,30704,44100,1,16,0.345828,16Y,16.000000,senior,051B,051B,M,16,,true,051B,
dataset/raw_audio/AudioCropped/16Y-051B-M-02.wav,data/meowagenet/official-3d02295bef15/AudioCropped/16Y-051B-M-02.wav,16Y-051B-M-02.wav,c2de2dbed25f75524302614eeccaf6c32be49c0d,140e0fbcb4d7ff7c8231e768aa9cdaf6f647d20ac565d25134aea2f16107793d,43056,44100,1,16,0.485873,16Y,16.000000,senior,051B,051B,M,16,,true,051B,
dataset/raw_audio/AudioCropped/16Y-051B-M-03.wav,data/meowagenet/official-3d02295bef15/AudioCropped/16Y-051B-M-03.wav,16Y-051B-M-03.wav,cf870d52e7023c948b3fc8eac08a4b280bc231c3,bb0699730674fd199809bbebe41cabe878bc1690cc2a85cb57ba3d146f578ebd,47502,44100,1,16,0.536281,16Y,16.000000,senior,051B,051B,M,16,,true,051B,
dataset/raw_audio/AudioCropped/16Y-051B-M-04.wav,data/meowagenet/official-3d02295bef15/AudioCropped/16Y-051B-M-04.wav,16Y-051B-M-04.wav,e7ad5997d9da2339597f57abc13f51fb9bdd14bd,fa7987d599b954c2a86f2437c289d40f94afa4803eec672d72fb64beaafce7fd,53628,44100,1,16,0.605737,16Y,16.000000,senior,051B,051B,M,16,,true,051B,
dataset/raw_audio/AudioCropped/16Y-051B-M-05.wav,data/meowagenet/official-3d02295bef15/AudioCropped/16Y-051B-M-05.wav,16Y-051B-M-05.wav,4131769550b1079755bfb5c08078d9d5b2d46520,123235932a67a001817e6ee4232ab422f273d09a9f9a78e8cf25a9a5394421d3,60616,44100,1,16,0.684966,16Y,16.000000,senior,051B,051B,M,16,,true,051B,
dataset/raw_audio/AudioCropped/16Y-051B-M-06.wav,data/meowagenet/official-3d02295bef15/AudioCropped/16Y-051B-M-06.wav,16Y-051B-M-06.wav,9f484db4ab0ceadacd1cbd6ca818ce98d9e5894e,c3dcef1e2cc0b0f725a406ff0ff4ec144e8f695685cba39be0b586f70e4d2d3d,44754,44100,1,16,0.505125,16Y,16.000000,senior,051B,051B,M,16,,true,051B,
dataset/raw_audio/AudioCropped/16Y-051B-M-07.wav,data/meowagenet/official-3d02295bef15/AudioCropped/16Y-051B-M-07.wav,16Y-051B-M-07.wav,8b55109ff9532f97faaa5edd45e92a2de904dd75,9ed10ae6c8acc8e3345c9b28f82a6a36cad9b2525a43ec93feff61808ad991f3,52246,44100,1,16,0.590068,16Y,16.000000,senior,051B,051B,M,16,,true,051B,
dataset/raw_audio/AudioCropped/16Y-051B-M-08.wav,data/meowagenet/official-3d02295bef15/AudioCropped/16Y-051B-M-08.wav,16Y-051B-M-08.wav,ed0cc18891f1f50a7cacdcfb9ec3865a94e34365,f812a3fb6a93d8e69c689448ef0253c71166082d07545d58b5378c601a19f9c6,53324,44100,1,16,0.602290,16Y,16.000000,senior,051B,051B,M,16,,true,051B,
dataset/raw_audio/AudioCropped/16Y-051B-M-09.wav,data/meowagenet/official-3d02295bef15/AudioCropped/16Y-051B-M-09.wav,16Y-051B-M-09.wav,6ca43814f7df84504ff72e6e1dbeae8a7a3cc935,d920d03141f36047f08d121d22e86a934953c8c5b0af1f55bbc87cc855eee92b,53584,44100,1,16,0.605238,16Y,16.000000,senior,051B,051B,M,16,,true,051B,
dataset/raw_audio/AudioCropped/16Y-057A-X-01.wav,data/meowagenet/official-3d02295bef15/AudioCropped/16Y-057A-X-01.wav,16Y-057A-X-01.wav,9280ba16965d8ac1310ffc3dd76633b6f51b4707,f69f0cd559706539f5ff6f88d0dde62b572a0737bfd1230a7443ae24b8691d92,73850,48000,1,16,0.767292,16Y,16.000000,senior,057A,057A,X,16,,true,057A,
dataset/raw_audio/AudioCropped/16Y-057A-X-02.wav,data/meowagenet/official-3d02295bef15/AudioCropped/16Y-057A-X-02.wav,16Y-057A-X-02.wav,ea8beae61f9c44f1cb5ffc0c04a721903b760945,f3a0659f0e08ffa37e9af63405e052916e5a987895d147015a4e4125bc9efea8,95118,48000,1,16,0.988833,16Y,16.000000,senior,057A,057A,X,16,,true,057A,
dataset/raw_audio/AudioCropped/16Y-057A-X-1-01 2.wav,data/meowagenet/official-3d02295bef15/AudioCropped/16Y-057A-X-1-01 2.wav,16Y-057A-X-1-01 2.wav,349e355bec43d2718a133b237f0a7c637ac62525,b7871d49a04e57b05e43dadb56a2522ebb03ecf42dac9cfac2605bda0c8ea47c,105102,48000,1,16,1.092958,16Y,16.000000,senior,057A,057A,X,16,,true,057A,
dataset/raw_audio/AudioCropped/16Y-057A-X-1-01.wav,data/meowagenet/official-3d02295bef15/AudioCropped/16Y-057A-X-1-01.wav,16Y-057A-X-1-01.wav,9edbc651886c29f1844a9b97294e736b4729f599,8d084cc9eed15ff873f79e61cd79a85bec3dc144ccc2574ae1670dda2ec982ff,64620,48000,1,16,0.671396,16Y,16.000000,senior,057A,057A,X,16,,true,057A,
dataset/raw_audio/AudioCropped/16Y-057A-X-1-02 2.wav,data/meowagenet/official-3d02295bef15/AudioCropped/16Y-057A-X-1-02 2.wav,16Y-057A-X-1-02 2.wav,28b138c8b9afb33a92fcdce5bf9feaf76941f013,5205bce47bf98d0ece8ed875e1e8a089b4fc2570df7e2168135f460f59801e64,126350,48000,1,16,1.314292,16Y,16.000000,senior,057A,057A,X,16,,true,057A,
dataset/raw_audio/AudioCropped/16Y-057A-X-1-02.wav,data/meowagenet/official-3d02295bef15/AudioCropped/16Y-057A-X-1-02.wav,16Y-057A-X-1-02.wav,44c1eabb57d5ad30edc72d469a124331def98257,2690593b6f6c6f1173222e500af2b8b52f98a24905cee2a45c2f7c1c998952bd,57796,48000,1,16,0.600313,16Y,16.000000,senior,057A,057A,X,16,,true,057A,
dataset/raw_audio/AudioCropped/16Y-057A-X-2-01 2.wav,data/meowagenet/official-3d02295bef15/AudioCropped/16Y-057A-X-2-01 2.wav,16Y-057A-X-2-01 2.wav,50972d0cf001f976ad42fc5c69724408f466070b,c0e13fd3b6d85ad8082eeaf724cc3704311ff603c3e104fc8775fb56fcca9c46,102390,48000,1,16,1.064708,16Y,16.000000,senior,057A,057A,X,16,,true,057A,
dataset/raw_audio/AudioCropped/16Y-057A-X-2-01.wav,data/meowagenet/official-3d02295bef15/AudioCropped/16Y-057A-X-2-01.wav,16Y-057A-X-2-01.wav,c6a5f8798ca4f673974d0cb924898eb679004c72,0b033b4ff2f04428aa7a1a01ec3c84e362ff6bc47fc7fb7fefa69512d7002ebb,114588,48000,1,16,1.191896,16Y,16.000000,senior,057A,057A,X,16,,true,057A,
dataset/raw_audio/AudioCropped/16Y-057A-X-2-02 2.wav,data/meowagenet/official-3d02295bef15/AudioCropped/16Y-057A-X-2-02 2.wav,16Y-057A-X-2-02 2.wav,b9b73f8324210f075fe0c7af2336815f7784514a,ae319f5a11f640809c1a9c6de96a1d8c1914f746476b8beab0e6768a205aa0d9,87954,48000,1,16,0.914333,16Y,16.000000,senior,057A,057A,X,16,,true,057A,
dataset/raw_audio/AudioCropped/16Y-057A-X-2-02.wav,data/meowagenet/official-3d02295bef15/AudioCropped/16Y-057A-X-2-02.wav,16Y-057A-X-2-02.wav,4840f1cb303172193ce8b370f0ad8cfe324221b6,4421d18ea0d9856790dfb6c1b4db319bff451eb457378b9b5e4059fe51e3357e,123616,48000,1,16,1.285937,16Y,16.000000,senior,057A,057A,X,16,,true,057A,
dataset/raw_audio/AudioCropped/16Y-057A-X-2-03.wav,data/meowagenet/official-3d02295bef15/AudioCropped/16Y-057A-X-2-03.wav,16Y-057A-X-2-03.wav,6badeb9f2eeb2b424e192c83e5474af1104f83c5,e46c318b7680ee88522cdf7a24149a60685364c80259e223e8a2192086c1e05c,126644,48000,1,16,1.317354,16Y,16.000000,senior,057A,057A,X,16,,true,057A,
dataset/raw_audio/AudioCropped/16Y-057A-X-2-04.wav,data/meowagenet/official-3d02295bef15/AudioCropped/16Y-057A-X-2-04.wav,16Y-057A-X-2-04.wav,5e8e868406e3985da9d48a495846c14b2577f58e,655393f1880cc26f03c7a7696db0441b0bd0925caa9d6b0fc217d46e19346392,108742,48000,1,16,1.130875,16Y,16.000000,senior,057A,057A,X,16,,true,057A,
dataset/raw_audio/AudioCropped/16Y-057A-X-2-05.wav,data/meowagenet/official-3d02295bef15/AudioCropped/16Y-057A-X-2-05.wav,16Y-057A-X-2-05.wav,1866be56e613a49161d38ca8b6f6078941ef72a2,6d701dcb3f86a7618c2359c6f785fa69dc3c2dc268d4c6e4c29fa0da5bee9ac4,96508,48000,1,16,1.001958,16Y,16.000000,senior,057A,057A,X,16,,true,057A,
dataset/raw_audio/AudioCropped/16Y-057A-X-2.wav,data/meowagenet/official-3d02295bef15/AudioCropped/16Y-057A-X-2.wav,16Y-057A-X-2.wav,5928b0b11de4b0a4f32af959b22fd7b5946575b6,d06c925f41130434b155f0dbfbc98fd79bdb49e91f71b2bfa33c61907c80829d,58468,48000,1,16,0.608583,16Y,16.000000,senior,057A,057A,X,16,,true,057A,
dataset/raw_audio/AudioCropped/16Y-057A-X-3.wav,data/meowagenet/official-3d02295bef15/AudioCropped/16Y-057A-X-3.wav,16Y-057A-X-3.wav,3c56b87d4e12534bd729d2d8b2616aac33e1487c,b25b2b913fb81dab2b73f4bdd7ae8498821cd405f687a64e3146d064c6f65056,65956,48000,1,16,0.686583,16Y,16.000000,senior,057A,057A,X,16,,true,057A,
dataset/raw_audio/AudioCropped/16Y-057A-X-hungry.wav,data/meowagenet/official-3d02295bef15/AudioCropped/16Y-057A-X-hungry.wav,16Y-057A-X-hungry.wav,e2d0ad73bcd675317cec448f05db42ca0e63a6af,a3900dd7edfdc48f1f7f26269c81f12a7a795fa91e55d07464b05d88ab38e262,123346,48000,1,16,1.284396,16Y,16.000000,senior,057A,057A,X,16,,true,057A,
dataset/raw_audio/AudioCropped/16Y-057A-X.wav,data/meowagenet/official-3d02295bef15/AudioCropped/16Y-057A-X.wav,16Y-057A-X.wav,f4eda3303bf70df2b4fc3de5c8de9d32d0495cc0,da8125d4419989cd278e2c35a00aeae2a8e98c8677c6bc3fc64e659207c969a1,101496,48000,1,16,1.056792,16Y,16.000000,senior,057A,057A,X,16,,true,057A,
dataset/raw_audio/AudioCropped/16Y-058A-X-01.wav,data/meowagenet/official-3d02295bef15/AudioCropped/16Y-058A-X-01.wav,16Y-058A-X-01.wav,5970c6aff2d1831062215e67d8ea00ce7e86edc2,f5293fec80545830fa1117da6e5e1281150a0186e9771914c7564c2662e5b70f,44520,44100,1,16,0.503333,16Y,16.000000,senior,058A,058A,X,16,,true,058A,
dataset/raw_audio/AudioCropped/16Y-058A-X-02.wav,data/meowagenet/official-3d02295bef15/AudioCropped/16Y-058A-X-02.wav,16Y-058A-X-02.wav,571770b255d510fe8304a8e017313d0efaa1c65e,255859306fb32e3c58d737d3fbd4d2e48604c71150b8529bae68d96740878fe0,49256,44100,1,16,0.557029,16Y,16.000000,senior,058A,058A,X,16,,true,058A,
dataset/raw_audio/AudioCropped/16Y-058A-X-03.wav,data/meowagenet/official-3d02295bef15/AudioCropped/16Y-058A-X-03.wav,16Y-058A-X-03.wav,4793cd6e2242cadcc6f59c64b32ae5c8696f5309,f47e285436ac1a96e76dce95119027239440539f88e48a57e0593d4bfcb89544,38008,44100,1,16,0.429501,16Y,16.000000,senior,058A,058A,X,16,,true,058A,
dataset/raw_audio/AudioCropped/16Y-061A-M-01.wav,data/meowagenet/official-3d02295bef15/AudioCropped/16Y-061A-M-01.wav,16Y-061A-M-01.wav,f441122e8d081fbd10d80e8130149be64c6b0e65,9e7177f2196576faec257c750f1d4c9a0c50645ad6de46b1f84b51182ed90779,35302,44100,1,16,0.398277,16Y,16.000000,senior,061A,061A,M,16,,true,061A,
dataset/raw_audio/AudioCropped/16Y-061A-M-02.wav,data/meowagenet/official-3d02295bef15/AudioCropped/16Y-061A-M-02.wav,16Y-061A-M-02.wav,f0d7147aa8117181997a6a767ab75bdf9c69dc64,c16c307329c9b95d0d2cc4dcafa1b43d2f65cd9f99557ab3cacfa1e1305fb7df,28522,44100,1,16,0.321406,16Y,16.000000,senior,061A,061A,M,16,,true,061A,
dataset/raw_audio/AudioCropped/16Y-094A-M1-01.wav,data/meowagenet/official-3d02295bef15/AudioCropped/16Y-094A-M1-01.wav,16Y-094A-M1-01.wav,9443281d07750194f43ca37e918dd15dbe4ebcef,4b99c7e003ea0ef194aed57ddbe43d328c1f77cd9d63bd7bda997ffb1d801fac,117694,48000,1,16,1.224542,16Y,16.000000,senior,094A,094A,M,16,,true,094A,
dataset/raw_audio/AudioCropped/16Y-094A-M1-02.wav,data/meowagenet/official-3d02295bef15/AudioCropped/16Y-094A-M1-02.wav,16Y-094A-M1-02.wav,921b2a1ea06624fa3497a12a75789205884735a0,9e950d758364769fa1c67e1ea422e9e419fe07cabc2afead95db4a13d63bc50a,107206,48000,1,16,1.115292,16Y,16.000000,senior,094A,094A,M,16,,true,094A,
dataset/raw_audio/AudioCropped/16Y-094A-M1-03.wav,data/meowagenet/official-3d02295bef15/AudioCropped/16Y-094A-M1-03.wav,16Y-094A-M1-03.wav,067cc6c4e82713198e25ead269ad095d5448a9c4,9515a8057f2fd6759829a9647be5aab07dd60d8c427d2892b3d6abe148bcfaa1,55340,48000,1,16,0.575021,16Y,16.000000,senior,094A,094A,M,16,,true,094A,
dataset/raw_audio/AudioCropped/16Y-094A-M1-04.wav,data/meowagenet/official-3d02295bef15/AudioCropped/16Y-094A-M1-04.wav,16Y-094A-M1-04.wav,9cb2a20a92d639436dfd7e4fe1edac394d897122,990a68821a3cd5f283534cbc062458107795943a209eaa96bf09ca93c64ddbce,91004,48000,1,16,0.946521,16Y,16.000000,senior,094A,094A,M,16,,true,094A,
dataset/raw_audio/AudioCropped/16Y-094A-M1-05.wav,data/meowagenet/official-3d02295bef15/AudioCropped/16Y-094A-M1-05.wav,16Y-094A-M1-05.wav,40d12cca68642237f8615a182944a7e57073e4da,bcbf8942419834abf84301bf1362a4f2c620bbac12f117c999f9f5afeb5fb811,100700,48000,1,16,1.047521,16Y,16.000000,senior,094A,094A,M,16,,true,094A,
dataset/raw_audio/AudioCropped/16Y-108A-F1-01.wav,data/meowagenet/official-3d02295bef15/AudioCropped/16Y-108A-F1-01.wav,16Y-108A-F1-01.wav,d37f12b910bb2d961d72a8f78ec0acf7978c9107,4972293499468275e1289c3f131cd446545b2f4ecc6f6949af5a44966abbb184,102674,44100,1,16,1.161859,16Y,16.000000,senior,108A,108A,F,16,,true,108A,
dataset/raw_audio/AudioCropped/16Y-108A-F1-02.wav,data/meowagenet/official-3d02295bef15/AudioCropped/16Y-108A-F1-02.wav,16Y-108A-F1-02.wav,ead71c6fa0eba630f3a0c23e54b54d81e572ce8b,828a818a0c6580bb5bf961e3cf859fea6eddfe497043ed6f2743883a455c628f,72840,44100,1,16,0.823605,16Y,16.000000,senior,108A,108A,F,16,,true,108A,
dataset/raw_audio/AudioCropped/16Y-108A-F1-03.wav,data/meowagenet/official-3d02295bef15/AudioCropped/16Y-108A-F1-03.wav,16Y-108A-F1-03.wav,ad8d52d25b4254e6e44ac50836372591309cc2fe,94ad474b2931de1f0dac53b11680febeb8a5415db3cbbef054b4b3b8495667cb,50788,44100,1,16,0.573583,16Y,16.000000,senior,108A,108A,F,16,,true,108A,
dataset/raw_audio/AudioCropped/16Y-108A-F1-04.wav,data/meowagenet/official-3d02295bef15/AudioCropped/16Y-108A-F1-04.wav,16Y-108A-F1-04.wav,79a923932543fe0d3d20069c80efeebd4ae9741a,3cdcebc2de347dd33ba9491e602d6c3b24ec777afaf5226e26bcdc7edb3b8108,73486,44100,1,16,0.830930,16Y,16.000000,senior,108A,108A,F,16,,true,108A,
dataset/raw_audio/AudioCropped/16Y-108A-F1-05.wav,data/meowagenet/official-3d02295bef15/AudioCropped/16Y-108A-F1-05.wav,16Y-108A-F1-05.wav,f73c0f91b02bc6dbfc814d3aa1c13b62c0083a0e,c9f972311f8c664cbd9345a455544f9e377ca0bcd4ac74d69ddfd4336aa44805,75114,44100,1,16,0.849388,16Y,16.000000,senior,108A,108A,F,16,,true,108A,
dataset/raw_audio/AudioCropped/16Y-116A-F1-01.wav,data/meowagenet/official-3d02295bef15/AudioCropped/16Y-116A-F1-01.wav,16Y-116A-F1-01.wav,a08c4878eee5f0106b4064b71151bff5728569a6,8f5fc3e709d04fe3079a6507eb2453fdae13fd7f5128f2b4d459c13de274fe66,74220,48000,1,16,0.770229,16Y,16.000000,senior,116A,116A,F,16,,true,116A,
dataset/raw_audio/AudioCropped/16Y-116A-F1-02.wav,data/meowagenet/official-3d02295bef15/AudioCropped/16Y-116A-F1-02.wav,16Y-116A-F1-02.wav,5514b4789ae5a0021d925d1346ed4981163c34c3,63ed3791b7ce2153ad3bc84bbf6c4768043d36e9ad12a356a1ee1405bd2fa25d,59432,48000,1,16,0.616187,16Y,16.000000,senior,116A,116A,F,16,,true,116A,
dataset/raw_audio/AudioCropped/16Y-116A-F1-03.wav,data/meowagenet/official-3d02295bef15/AudioCropped/16Y-116A-F1-03.wav,16Y-116A-F1-03.wav,06f20006dbfeb12d79df409dac14b16fb169592a,18da12a21a3f34d65847b3c8fad1fd90eacf93c9ee0bcf45e0ae05ec5bc71794,73462,48000,1,16,0.762333,16Y,16.000000,senior,116A,116A,F,16,,true,116A,
dataset/raw_audio/AudioCropped/16Y-116A-F1-04.wav,data/meowagenet/official-3d02295bef15/AudioCropped/16Y-116A-F1-04.wav,16Y-116A-F1-04.wav,1631210f5e5a8ed60ad134861ef2d11c13740c8f,e785e725f09a52c0ef1f10d3c3e883d3893a9b176caf213e1ce9fe3bbc2a6378,89198,48000,1,16,0.926250,16Y,16.000000,senior,116A,116A,F,16,,true,116A,
dataset/raw_audio/AudioCropped/16Y-116A-F1-05.wav,data/meowagenet/official-3d02295bef15/AudioCropped/16Y-116A-F1-05.wav,16Y-116A-F1-05.wav,301a8705a659deb1c6beec6636c7db5449b708d1,f317821fa37af4e7cf45d09e7d9f7f6697a7aa3349393a5dd239394d65748f09,55392,48000,1,16,0.574104,16Y,16.000000,senior,116A,116A,F,16,,true,116A,
dataset/raw_audio/AudioCropped/16Y-116A-F1-06.wav,data/meowagenet/official-3d02295bef15/AudioCropped/16Y-116A-F1-06.wav,16Y-116A-F1-06.wav,bf50d21c8d71ac9511905c23060f87366e33790d,ed5f944fc8a4fb7107222a9c0e1540639c1c158149438a5649781e79db14c9f5,71338,48000,1,16,0.740208,16Y,16.000000,senior,116A,116A,F,16,,true,116A,
dataset/raw_audio/AudioCropped/16Y-116A-F1-07.wav,data/meowagenet/official-3d02295bef15/AudioCropped/16Y-116A-F1-07.wav,16Y-116A-F1-07.wav,750a8a39e87a29a8a25f9c70b752f00792f48c89,3e28d06246e96f613dc564e7bbc91317d304236e336353686a2ceb79fed263f2,88600,48000,1,16,0.920021,16Y,16.000000,senior,116A,116A,F,16,,true,116A,
dataset/raw_audio/AudioCropped/16Y-116A-F1-08.wav,data/meowagenet/official-3d02295bef15/AudioCropped/16Y-116A-F1-08.wav,16Y-116A-F1-08.wav,470fefbbde8e256e58d326d0a27efbb11c942163,90a9e8b6957ddada460fb70fe26f3ef6ea1f67ca620d90d6e9741c6db3918756,81906,48000,1,16,0.850292,16Y,16.000000,senior,116A,116A,F,16,,true,116A,
dataset/raw_audio/AudioCropped/16Y-116A-F1-09.wav,data/meowagenet/official-3d02295bef15/AudioCropped/16Y-116A-F1-09.wav,16Y-116A-F1-09.wav,3cda882a44ffed501f9bba31c06a25d1a630c2cd,768b8691912515242044a194856d1a6adb8cc93396257f7387a5ee4afc503107,60868,48000,1,16,0.631146,16Y,16.000000,senior,116A,116A,F,16,,true,116A,
dataset/raw_audio/AudioCropped/16Y-116A-F1-10.wav,data/meowagenet/official-3d02295bef15/AudioCropped/16Y-116A-F1-10.wav,16Y-116A-F1-10.wav,d99a4eb6e5b4ed779eb00ef627e3121d6ce6b571,f8361c3efcd4413e9d8e89776b53562fd913703cab6ffda8458fcaaca60e4ab3,69650,48000,1,16,0.722604,16Y,16.000000,senior,116A,116A,F,16,,true,116A,
dataset/raw_audio/AudioCropped/16Y-116A-F1-11.wav,data/meowagenet/official-3d02295bef15/AudioCropped/16Y-116A-F1-11.wav,16Y-116A-F1-11.wav,e6af734d6155a6ea62d66925120a45d2e9d6cf35,2533415bd1eae0fb1b4e4b66e3ceab68bc014c0b4d3482920548a74c7c6184f7,49656,48000,1,16,0.514333,16Y,16.000000,senior,116A,116A,F,16,,true,116A,
dataset/raw_audio/AudioCropped/16Y-116A-F1-12.wav,data/meowagenet/official-3d02295bef15/AudioCropped/16Y-116A-F1-12.wav,16Y-116A-F1-12.wav,d8b7be66cc7dd7368d30da9b114549e0010e78a2,984333fbb80ef03842c2141692f7e479fa7111dcbe9c427e84819540604eed1b,57480,48000,1,16,0.595833,16Y,16.000000,senior,116A,116A,F,16,,true,116A,
dataset/raw_audio/AudioCropped/17Y-011A-F1-02.wav,data/meowagenet/official-3d02295bef15/AudioCropped/17Y-011A-F1-02.wav,17Y-011A-F1-02.wav,506518946643f484816af71f22d326ef3e7f2b8b,7eea9cd6d143490da0afbf24140a377e8d100d5d8ee97fb165eeb1832b605c05,93464,48000,1,16,0.972146,17Y,17.000000,senior,011A,011A,F,17,,true,011A,
dataset/raw_audio/AudioCropped/17Y-011A-F1-03.wav,data/meowagenet/official-3d02295bef15/AudioCropped/17Y-011A-F1-03.wav,17Y-011A-F1-03.wav,498ee4594bde7d05aa7255f41e328faffbc685d5,0af41352af7deb708bd889d9869401e0d2796c4d1eddcc1d323e506a52af7ea9,91380,48000,1,16,0.950438,17Y,17.000000,senior,011A,011A,F,17,,true,011A,
dataset/raw_audio/AudioCropped/17Y-097A-X-01.wav,data/meowagenet/official-3d02295bef15/AudioCropped/17Y-097A-X-01.wav,17Y-097A-X-01.wav,f7c078c78489cfb05d3e56808a5e6317aa8b9b18,db736d5a005da8ee2037dd9992a3234acb46660015243196ab1840ebc9c1ccb8,75970,48000,1,16,0.789292,17Y,17.000000,senior,097A,097A,X,17,,true,097A,
dataset/raw_audio/AudioCropped/17Y-097A-X-02.wav,data/meowagenet/official-3d02295bef15/AudioCropped/17Y-097A-X-02.wav,17Y-097A-X-02.wav,9f022b13b97ad2a82aeaf2432b37c7ecff7d2f64,0f5013e456d67b8c2f70574e89d532582d80834bd9421163fa4d494565ce4d83,78010,48000,1,16,0.810542,17Y,17.000000,senior,097A,097A,X,17,,true,097A,
dataset/raw_audio/AudioCropped/17Y-097A-X-03.wav,data/meowagenet/official-3d02295bef15/AudioCropped/17Y-097A-X-03.wav,17Y-097A-X-03.wav,0d15a459dea559af5e935beb5e88ccddb172eb3a,474e2ddcfcd621d9645ae19e3bce33861e6652b64188af8eac1ee0aa338043fc,72552,48000,1,16,0.753604,17Y,17.000000,senior,097A,097A,X,17,,true,097A,
dataset/raw_audio/AudioCropped/17Y-097A-X-04.wav,data/meowagenet/official-3d02295bef15/AudioCropped/17Y-097A-X-04.wav,17Y-097A-X-04.wav,118bb891b662e8d076e408a28b15f6158d846a0e,8d74f933f3238d24bf3e4b4cbbf7e85fe655da66362ae2fdeca155dec6df7fbe,68284,48000,1,16,0.709146,17Y,17.000000,senior,097A,097A,X,17,,true,097A,
dataset/raw_audio/AudioCropped/17Y-097A-X-05.wav,data/meowagenet/official-3d02295bef15/AudioCropped/17Y-097A-X-05.wav,17Y-097A-X-05.wav,2d0dffb788a09c5f73bbcf872e5e0a65569b479b,d25856d88281ff8c80f5303effe7dfb57b7cebb92e178aa757d973427a9893c6,20916,48000,1,16,0.215729,17Y,17.000000,senior,097A,097A,X,17,,true,097A,
dataset/raw_audio/AudioCropped/17Y-097A-X-06.wav,data/meowagenet/official-3d02295bef15/AudioCropped/17Y-097A-X-06.wav,17Y-097A-X-06.wav,67d941b10074c5a3d66d120e36f41c49e15b64c9,7b9c50251c6bbdac343ac2da9953a3a6a62e3194a350575e755f6f5303385679,36210,48000,1,16,0.375042,17Y,17.000000,senior,097A,097A,X,17,,true,097A,
dataset/raw_audio/AudioCropped/17Y-097A-X-07.wav,data/meowagenet/official-3d02295bef15/AudioCropped/17Y-097A-X-07.wav,17Y-097A-X-07.wav,625bcad3118dd49626d718f91a4d01b220fe5abb,75edf745b8f71f97b8b7f2afe9d4286eb46b8a51bbdd1e5f088ce06e6f780254,69466,48000,1,16,0.721458,17Y,17.000000,senior,097A,097A,X,17,,true,097A,
dataset/raw_audio/AudioCropped/17Y-097A-X-08.wav,data/meowagenet/official-3d02295bef15/AudioCropped/17Y-097A-X-08.wav,17Y-097A-X-08.wav,c2a1576b360341ac1ca13f98979334e6d910fe89,7d6a3080e92c9a9283e9a5cf8af1487be44c7329371044729a1e312fbd99f546,86824,48000,1,16,0.902271,17Y,17.000000,senior,097A,097A,X,17,,true,097A,
dataset/raw_audio/AudioCropped/17Y-097A-X-09.wav,data/meowagenet/official-3d02295bef15/AudioCropped/17Y-097A-X-09.wav,17Y-097A-X-09.wav,7607251858437743d18b19a2fbc172e253ac75b2,79a43414e5ea240b12fd8ed73116aac9690683493762484ce517710846f946f9,68602,48000,1,16,0.712458,17Y,17.000000,senior,097A,097A,X,17,,true,097A,
dataset/raw_audio/AudioCropped/17Y-097A-X-10.wav,data/meowagenet/official-3d02295bef15/AudioCropped/17Y-097A-X-10.wav,17Y-097A-X-10.wav,957138d52977b69c8a704f4fd6f69ad1ff424f08,eac0059e7af964e63de57a22e84e1f0a4795627ee8689d42f4dc68b58a7f4141,46032,48000,1,16,0.477354,17Y,17.000000,senior,097A,097A,X,17,,true,097A,
dataset/raw_audio/AudioCropped/17Y-097A-X2-01.wav,data/meowagenet/official-3d02295bef15/AudioCropped/17Y-097A-X2-01.wav,17Y-097A-X2-01.wav,52772c501522060fcebf6e251bc0756b482a2d8d,ef3c9cf6132efcfdfdee341f6800a7e3736845de4d39d69202dab76ac50b3b3b,120028,48000,1,16,1.248104,17Y,17.000000,senior,097A,097A,X,17,,true,097A,
dataset/raw_audio/AudioCropped/17Y-097A-X2-02.wav,data/meowagenet/official-3d02295bef15/AudioCropped/17Y-097A-X2-02.wav,17Y-097A-X2-02.wav,0a19804e8864622b482efa64f65d29b70b796420,f257885cd52431eeb2ea5131757c08c73f9024403d39ea49746789ec64f1223b,44396,48000,1,16,0.460271,17Y,17.000000,senior,097A,097A,X,17,,true,097A,
dataset/raw_audio/AudioCropped/17Y-097A-X2-03.wav,data/meowagenet/official-3d02295bef15/AudioCropped/17Y-097A-X2-03.wav,17Y-097A-X2-03.wav,d8a81e53b566502ddeed04332ee914053c0fdd98,3db7611f07b12efcd86bbffa5407f9b1042a6ffea9560850eeb00f55ecddfac2,57156,48000,1,16,0.593187,17Y,17.000000,senior,097A,097A,X,17,,true,097A,
dataset/raw_audio/AudioCropped/17Y-097A-X2-04.wav,data/meowagenet/official-3d02295bef15/AudioCropped/17Y-097A-X2-04.wav,17Y-097A-X2-04.wav,185211928b64fb07c486ca51678bcf5752a39476,69b6cc13b75257a7f3322ba6edf9ca2cb77a564d6c21ed38eebb2ee6be3e0908,58942,48000,1,16,0.611792,17Y,17.000000,senior,097A,097A,X,17,,true,097A,
dataset/raw_audio/AudioCropped/17Y-097A-X2-05.wav,data/meowagenet/official-3d02295bef15/AudioCropped/17Y-097A-X2-05.wav,17Y-097A-X2-05.wav,24aba5b8f6d039b91d1e4c745a35cb0328dca9c3,12e0876d595f7fe4ca8120ec370693240e503b5a647a59579b26ee8ae70d6042,58130,48000,1,16,0.603333,17Y,17.000000,senior,097A,097A,X,17,,true,097A,
dataset/raw_audio/AudioCropped/18Y-059A-M-01.wav,data/meowagenet/official-3d02295bef15/AudioCropped/18Y-059A-M-01.wav,18Y-059A-M-01.wav,fbcaa609e8bfc411f2e53d2eee732c378a977e50,8eef70c3fed815b6fcb486bc80dedd9a318427d36ddb5fcbf2702f1dccc13451,85594,44100,1,16,0.968390,18Y,18.000000,senior,059A,059A,M,18,,true,059A,
dataset/raw_audio/AudioCropped/18Y-059A-M-02.wav,data/meowagenet/official-3d02295bef15/AudioCropped/18Y-059A-M-02.wav,18Y-059A-M-02.wav,ab01decb22d72e51ef263b6a9f0317f80fa2877e,b0a76a4074271d948468dd9558e4211c80f6db60c1545a43ec80cd34b5bdf683,61536,44100,1,16,0.695624,18Y,18.000000,senior,059A,059A,M,18,,true,059A,
dataset/raw_audio/AudioCropped/18Y-059A-M-03.wav,data/meowagenet/official-3d02295bef15/AudioCropped/18Y-059A-M-03.wav,18Y-059A-M-03.wav,c3244bd1b51592288644c3a393aa796a93f2d326,aee15ff8af5f3ecb2d9073ecaa343dc21c71171c98388be86b807562d9bd6d53,84354,44100,1,16,0.954331,18Y,18.000000,senior,059A,059A,M,18,,true,059A,
dataset/raw_audio/AudioCropped/18Y-059A-M-04.wav,data/meowagenet/official-3d02295bef15/AudioCropped/18Y-059A-M-04.wav,18Y-059A-M-04.wav,cfead572c5504e8256427d53d6247eb5695aa91f,ea0e8be1ed9b2b584c6ef60b194306035fa9d6c361e50133cf4fe119678015e2,94258,44100,1,16,1.066621,18Y,18.000000,senior,059A,059A,M,18,,true,059A,
dataset/raw_audio/AudioCropped/18Y-059A-M-05.wav,data/meowagenet/official-3d02295bef15/AudioCropped/18Y-059A-M-05.wav,18Y-059A-M-05.wav,55ea2f695c69b50d1b0300a16fff767660c7aba1,6bd5967c27a107e5ed41eeefd3e09edd9445c89fba2e2bf4cb71f03ef8a66c4e,102924,44100,1,16,1.164875,18Y,18.000000,senior,059A,059A,M,18,,true,059A,
dataset/raw_audio/AudioCropped/18Y-059A-M-06.wav,data/meowagenet/official-3d02295bef15/AudioCropped/18Y-059A-M-06.wav,18Y-059A-M-06.wav,6f1a8bc3aeca543cc61821c3b5e9e59451b4e99b,b9da1944e3ff2430d98be0ab99a8478d12cda522f525100622ff54606490354b,88070,44100,1,16,0.996463,18Y,18.000000,senior,059A,059A,M,18,,true,059A,
dataset/raw_audio/AudioCropped/18Y-059A-M-07.wav,data/meowagenet/official-3d02295bef15/AudioCropped/18Y-059A-M-07.wav,18Y-059A-M-07.wav,71cc03a79a3f4889a25033ea7ae2540e8f3719ce,03125873ea013a15f54befab51e27d80fc1987a1a6fa8c4edcc604e6ba6cab17,85592,44100,1,16,0.968367,18Y,18.000000,senior,059A,059A,M,18,,true,059A,
dataset/raw_audio/AudioCropped/18Y-059A-M-08.wav,data/meowagenet/official-3d02295bef15/AudioCropped/18Y-059A-M-08.wav,18Y-059A-M-08.wav,1f56594e7e4702274d1e6c66943339f275431b10,587afbc105de7e00b75b9d4419666bdd0380e61c8839df7f617296080519a723,78168,44100,1,16,0.884195,18Y,18.000000,senior,059A,059A,M,18,,true,059A,
dataset/raw_audio/AudioCropped/18Y-059A-M-09.wav,data/meowagenet/official-3d02295bef15/AudioCropped/18Y-059A-M-09.wav,18Y-059A-M-09.wav,5ee4f00eda0d892f2602f40ab6dfa032206ca16f,faf920477769fb30ff79f261b7ba3394cd6977511eb38a8c32b68c9c6339366b,88068,44100,1,16,0.996440,18Y,18.000000,senior,059A,059A,M,18,,true,059A,
dataset/raw_audio/AudioCropped/18Y-059A-M-10.wav,data/meowagenet/official-3d02295bef15/AudioCropped/18Y-059A-M-10.wav,18Y-059A-M-10.wav,83e466650c25054f4edf7ede4898cb3d9a3d3340,c7d4631a5df06581d0ceb9db3fa8328dd08669f9a5a60e54dd06ebefee782364,138822,44100,1,16,1.571859,18Y,18.000000,senior,059A,059A,M,18,,true,059A,
dataset/raw_audio/AudioCropped/18Y-090A-F.wav,data/meowagenet/official-3d02295bef15/AudioCropped/18Y-090A-F.wav,18Y-090A-F.wav,32158627d7632caf6fd204483f5f9f7959e0add8,63695e90fc9f30986141f3fb1ce4f24b33b0ad8855deafa3a802337e747f96a3,75842,44100,1,16,0.859388,18Y,18.000000,senior,090A,090A,F,18,,true,090A,
dataset/raw_audio/AudioCropped/18Y-117A-F1-01.wav,data/meowagenet/official-3d02295bef15/AudioCropped/18Y-117A-F1-01.wav,18Y-117A-F1-01.wav,1a146d83f1f149b0a68584fcea3970a994db563f,64b8199c1913d29319c8fea034feadf399680acd7f995e6932570e03495c68f5,20018,44100,1,16,0.220272,18Y,18.000000,senior,117A,117A,F,18,,true,117A,
dataset/raw_audio/AudioCropped/18Y-117A-F1-02.wav,data/meowagenet/official-3d02295bef15/AudioCropped/18Y-117A-F1-02.wav,18Y-117A-F1-02.wav,817134c639659f12557954ed0be11a642831caa1,6c102b69f4a6f8ae5db174750c2d9801510f950df0dcde3419f19bbc73baee23,24798,44100,1,16,0.274467,18Y,18.000000,senior,117A,117A,F,18,,true,117A,
dataset/raw_audio/AudioCropped/18Y-117A-F1-03.wav,data/meowagenet/official-3d02295bef15/AudioCropped/18Y-117A-F1-03.wav,18Y-117A-F1-03.wav,6189335ec10d738a18a8bba3cf4f3e5d33dda561,a29376bf7719a098c4929b5620b733e3d274189679bab2f8bc88e1936bbf41ff,18644,44100,1,16,0.204785,18Y,18.000000,senior,117A,117A,F,18,,true,117A,
dataset/raw_audio/AudioCropped/18Y-117A-F1-04.wav,data/meowagenet/official-3d02295bef15/AudioCropped/18Y-117A-F1-04.wav,18Y-117A-F1-04.wav,c7f739b1148eedf5eecf2183c78b87c445c04c90,6040b780bbe7f46f82d0119d670acfe1ce0cbfea14d94569f44556abdbc0a42b,20220,44100,1,16,0.222653,18Y,18.000000,senior,117A,117A,F,18,,true,117A,
dataset/raw_audio/AudioCropped/18Y-117A-F1-05.wav,data/meowagenet/official-3d02295bef15/AudioCropped/18Y-117A-F1-05.wav,18Y-117A-F1-05.wav,188a76563b97091ce6d4d8d88545ab6fdcfb0ac3,03a23af91432f25eac09df730d1d0db11a1cb2366fb50dca7fa2d844fd6a175c,28370,44100,1,16,0.314966,18Y,18.000000,senior,117A,117A,F,18,,true,117A,
dataset/raw_audio/AudioCropped/18Y-117A-F1-06.wav,data/meowagenet/official-3d02295bef15/AudioCropped/18Y-117A-F1-06.wav,18Y-117A-F1-06.wav,b0461e65094cf0480a8361a46a1bfa720e139003,d4835d459ed652e34105fe57becfb40ae12006120fde5a738533affd6b8013d6,18944,44100,1,16,0.208186,18Y,18.000000,senior,117A,117A,F,18,,true,117A,
dataset/raw_audio/AudioCropped/18Y-117A-F1-07.wav,data/meowagenet/official-3d02295bef15/AudioCropped/18Y-117A-F1-07.wav,18Y-117A-F1-07.wav,2a33d734c5620935aadd3826d495448ef8eaf581,ef64fa66b5be75f164880362a2352cb4dac54bd4c5a432cbf834ffa5b86c76b7,25176,44100,1,16,0.278844,18Y,18.000000,senior,117A,117A,F,18,,true,117A,
dataset/raw_audio/AudioCropped/1Y-010A-M1-01.wav,data/meowagenet/official-3d02295bef15/AudioCropped/1Y-010A-M1-01.wav,1Y-010A-M1-01.wav,27017e4aebc083aa1add671ac3ba3c31b1238cf6,f4f4cb2f45d8f3a8d92cf477bc1a50a92c3499051eff87ded1ea3d570a02d0f3,125832,48000,1,16,1.309396,1Y,1.000000,adult,010A,010A,M,1,,true,010A,
dataset/raw_audio/AudioCropped/1Y-010A-M1-02.wav,data/meowagenet/official-3d02295bef15/AudioCropped/1Y-010A-M1-02.wav,1Y-010A-M1-02.wav,9dcc89e8978f4d79b4ed7067e2fee06eca57a32e,8b74458c937aae2776ee4b45239c1a8a03abc5697f94c8a2dd8edeae6059f26b,176104,48000,1,16,1.833063,1Y,1.000000,adult,010A,010A,M,1,,true,010A,
dataset/raw_audio/AudioCropped/1Y-010A-M1-03.wav,data/meowagenet/official-3d02295bef15/AudioCropped/1Y-010A-M1-03.wav,1Y-010A-M1-03.wav,0b988eec0b47e38ef2305e8f47fbf54757dada6f,8c6b47a2defbc6eb8534ccbcb60c7948ccd8b0a83f2af8f664961c33cff7fbaf,158702,48000,1,16,1.651792,1Y,1.000000,adult,010A,010A,M,1,,true,010A,
dataset/raw_audio/AudioCropped/1Y-062A-X-01.wav,data/meowagenet/official-3d02295bef15/AudioCropped/1Y-062A-X-01.wav,1Y-062A-X-01.wav,d60e4a83cad949d2dbab7e711592bd644fda3ef4,5c887a922611d65ac5129683f1e49209ab7d6745469d10bafca6451e8c6def78,131500,44100,1,16,1.489456,1Y,1.000000,adult,062A,062A,X,1,,true,062A,
dataset/raw_audio/AudioCropped/1Y-062A-X-02.wav,data/meowagenet/official-3d02295bef15/AudioCropped/1Y-062A-X-02.wav,1Y-062A-X-02.wav,6b18dceb585f95e458d96ca70c5e065e7dd43c95,7e77e9326b722cb3b01a0e572dc2affbde3181e61830ed5c02e2df1932d5e0e5,46578,44100,1,16,0.526621,1Y,1.000000,adult,062A,062A,X,1,,true,062A,
dataset/raw_audio/AudioCropped/1Y-062A-X-03.wav,data/meowagenet/official-3d02295bef15/AudioCropped/1Y-062A-X-03.wav,1Y-062A-X-03.wav,e4ededd7924d06ba53ec77a1095f5532f8e6d7e5,2bdc8350eb5029092e5756e2369628820d9aaa39cea69224f7a4eb9b9c22f45f,33752,44100,1,16,0.381202,1Y,1.000000,adult,062A,062A,X,1,,true,062A,
dataset/raw_audio/AudioCropped/1Y-063A-X-01.wav,data/meowagenet/official-3d02295bef15/AudioCropped/1Y-063A-X-01.wav,1Y-063A-X-01.wav,2e24fcc1f8b9de136ef7ef96722c2ae233251eac,877c8e700780634551f9e3b35966c88d7d46d55760f7df651029212ed11f8a04,52034,44100,1,16,0.588345,1Y,1.000000,adult,063A,063A,X,1,,true,063A,
dataset/raw_audio/AudioCropped/1Y-063A-X-02.wav,data/meowagenet/official-3d02295bef15/AudioCropped/1Y-063A-X-02.wav,1Y-063A-X-02.wav,cfaa7ccba39dc13e31130ef3291ca02517183f90,b4730a4bc741f5373619d1229bfce4865767fd088f92cc82bb786ec7dce10db6,61018,44100,1,16,0.690204,1Y,1.000000,adult,063A,063A,X,1,,true,063A,
dataset/raw_audio/AudioCropped/1Y-063A-X-03.wav,data/meowagenet/official-3d02295bef15/AudioCropped/1Y-063A-X-03.wav,1Y-063A-X-03.wav,2fafc1acb04e62f7f1e0f3086cecb33b3cc5b46b,f2500ab3ca27f1861519803ab0c1e46cee0b8c94c2325e9f5fda27b7dde819d6,66006,44100,1,16,0.746757,1Y,1.000000,adult,063A,063A,X,1,,true,063A,
dataset/raw_audio/AudioCropped/1Y-063A-X-04.wav,data/meowagenet/official-3d02295bef15/AudioCropped/1Y-063A-X-04.wav,1Y-063A-X-04.wav,0687933154b63603460661d7e2647c2f3c3615a3,fb09ae6a664b69fc042e61156c660a1946e489ec451fbb94020ecaec96dc2ac3,72990,44100,1,16,0.825941,1Y,1.000000,adult,063A,063A,X,1,,true,063A,
dataset/raw_audio/AudioCropped/1Y-063A-X-05.wav,data/meowagenet/official-3d02295bef15/AudioCropped/1Y-063A-X-05.wav,1Y-063A-X-05.wav,af73c5f9c9d394c1c1a6878ca4b0b9e7d535b778,c1bf1e2a81b88b3ed0d615c608b98242a11d090a404cd4282fe84a39145abfe5,81972,44100,1,16,0.927778,1Y,1.000000,adult,063A,063A,X,1,,true,063A,
dataset/raw_audio/AudioCropped/1Y-063A-X-06.wav,data/meowagenet/official-3d02295bef15/AudioCropped/1Y-063A-X-06.wav,1Y-063A-X-06.wav,3bf6d5a0bd9cd74f37faee9679dd1f771b6cc1d1,939d7d19aeb25376f92cbba8dd4cc9826154d6f4b0ef0ad1b2a296941764de73,72990,44100,1,16,0.825941,1Y,1.000000,adult,063A,063A,X,1,,true,063A,
dataset/raw_audio/AudioCropped/1Y-063A-X-07.wav,data/meowagenet/official-3d02295bef15/AudioCropped/1Y-063A-X-07.wav,1Y-063A-X-07.wav,8f3b20c4996bfb33d7183bbbb185e8fc8564d1bd,e5fdfb3ee181db01784fc1338b7a08a167a513a8471630b58ff30f1f196073b9,47044,44100,1,16,0.531769,1Y,1.000000,adult,063A,063A,X,1,,true,063A,
dataset/raw_audio/AudioCropped/1Y-063A-X-08.wav,data/meowagenet/official-3d02295bef15/AudioCropped/1Y-063A-X-08.wav,1Y-063A-X-08.wav,86af2a8a6d92a336931ec78a7211c3f50eaa6890,8f5567d9f1ee2bc07ae9983e210eaf2b193256c9a1a4af3c8e547eb7e0b4816a,36066,44100,1,16,0.407302,1Y,1.000000,adult,063A,063A,X,1,,true,063A,
dataset/raw_audio/AudioCropped/1Y-063A-X-09.wav,data/meowagenet/official-3d02295bef15/AudioCropped/1Y-063A-X-09.wav,1Y-063A-X-09.wav,5f52edf16c2bd0eced703d88d63c55f793381846,d2b346061fa62e1ce3d0e22365696c73b263c7828a3b57c9496df8f014332521,51036,44100,1,16,0.577029,1Y,1.000000,adult,063A,063A,X,1,,true,063A,
dataset/raw_audio/AudioCropped/1Y-063A-X-10.wav,data/meowagenet/official-3d02295bef15/AudioCropped/1Y-063A-X-10.wav,1Y-063A-X-10.wav,51c9b2f8faf93ac4342e8dfd1cfc92c836b34fd4,67a3bc514bdbf2a4875a8509b0a3e3403444b521094ec878839402e38d988fa9,44052,44100,1,16,0.497823,1Y,1.000000,adult,063A,063A,X,1,,true,063A,
dataset/raw_audio/AudioCropped/1Y-063A-X-11.wav,data/meowagenet/official-3d02295bef15/AudioCropped/1Y-063A-X-11.wav,1Y-063A-X-11.wav,56264ae459a97dc3245c4b88f400a84a07e49b4a,bdd33188b92b57bab00cb7aab86abbf510423002ead98be129f2f678721422fb,55030,44100,1,16,0.622290,1Y,1.000000,adult,063A,063A,X,1,,true,063A,
dataset/raw_audio/AudioCropped/1Y-064A-X.wav,data/meowagenet/official-3d02295bef15/AudioCropped/1Y-064A-X.wav,1Y-064A-X.wav,42f2020a5de747d3ae34727136e7546ea8f932db,f5d05b8231fcc4e41153bbd0978d0c9398481d8e72a24fbeff4e366a089ce7b4,144608,44100,1,16,1.639048,1Y,1.000000,adult,064A,064A,X,1,,true,064A,
dataset/raw_audio/AudioCropped/1Y-065A-F-01.wav,data/meowagenet/official-3d02295bef15/AudioCropped/1Y-065A-F-01.wav,1Y-065A-F-01.wav,b9655e8afc28c02dc1814e02f044819827b78cbe,3334922389fc8f149b7fe4dbabd65d4028a849236ef2f731d378174a61276631,75206,48000,1,16,0.781792,1Y,1.000000,adult,065A,065A,F,1,,true,065A,
dataset/raw_audio/AudioCropped/1Y-065A-F-02.wav,data/meowagenet/official-3d02295bef15/AudioCropped/1Y-065A-F-02.wav,1Y-065A-F-02.wav,9468bd77fe238dec14fca6f9de60e099013f5eab,e4cc16cd9ed32b8f1803cfc5263d9dcef25245f56b861d1d0798563a8f8c3cfa,63358,48000,1,16,0.658625,1Y,1.000000,adult,065A,065A,F,1,,true,065A,
dataset/raw_audio/AudioCropped/1Y-065A-F-03.wav,data/meowagenet/official-3d02295bef15/AudioCropped/1Y-065A-F-03.wav,1Y-065A-F-03.wav,e66ffb2df596825a7fb06ce90254514beead583b,09239a110dd85d17e450b217ed2b26a89199a0c9a939b327d9f0c2022f0a809d,54106,48000,1,16,0.562250,1Y,1.000000,adult,065A,065A,F,1,,true,065A,
dataset/raw_audio/AudioCropped/1Y-065A-F-04.wav,data/meowagenet/official-3d02295bef15/AudioCropped/1Y-065A-F-04.wav,1Y-065A-F-04.wav,ae438fafebf28afec505fe59b887dc04bd68dac7,5c75718fa21933ade4f80239137d2c826c914aeb2eb0ef0c70105423583eb955,47934,48000,1,16,0.497958,1Y,1.000000,adult,065A,065A,F,1,,true,065A,
dataset/raw_audio/AudioCropped/1Y-065A-F-05.wav,data/meowagenet/official-3d02295bef15/AudioCropped/1Y-065A-F-05.wav,1Y-065A-F-05.wav,30ed1121cde28e42a9486ea4928241928a15c635,e2aaa578bc07ae0f51985abd5d4830c63d0bf47b74d71bec7ecad23332a87294,39712,48000,1,16,0.412313,1Y,1.000000,adult,065A,065A,F,1,,true,065A,
dataset/raw_audio/AudioCropped/1Y-065A-F-06.wav,data/meowagenet/official-3d02295bef15/AudioCropped/1Y-065A-F-06.wav,1Y-065A-F-06.wav,2501b6dd8e0353297b829b1514693ced601c7ba0,80ad11da4d85786394bf98f0aec98fb1236b0ed262a46d3bf37a8d0cd2d7e9ae,49476,48000,1,16,0.514021,1Y,1.000000,adult,065A,065A,F,1,,true,065A,
dataset/raw_audio/AudioCropped/1Y-065A-F-07.wav,data/meowagenet/official-3d02295bef15/AudioCropped/1Y-065A-F-07.wav,1Y-065A-F-07.wav,d2f6ed5752b8f10512512f0dc9665fc602c2620a,71b149532d0b799c63ad39d80cf236b9f826e99bca6d02b542428520bbdf16d4,61816,48000,1,16,0.642563,1Y,1.000000,adult,065A,065A,F,1,,true,065A,
dataset/raw_audio/AudioCropped/1Y-065A-F-08.wav,data/meowagenet/official-3d02295bef15/AudioCropped/1Y-065A-F-08.wav,1Y-065A-F-08.wav,9a04b12fac73a39930dfdf314f04ae61ec04f132,48cd6ad45cba2b68409102202bd5d22b8e916c19eaba8c0292a31f059638180b,68498,48000,1,16,0.712167,1Y,1.000000,adult,065A,065A,F,1,,true,065A,
dataset/raw_audio/AudioCropped/1Y-065A-F-09.wav,data/meowagenet/official-3d02295bef15/AudioCropped/1Y-065A-F-09.wav,1Y-065A-F-09.wav,a98fe9800be8c66e6a67ebcbc799cae69bc1e65c,607c214c360345c473ee47bc4377f1a1dc84df8d64209d52f1f8ae902903abf2,68496,48000,1,16,0.712146,1Y,1.000000,adult,065A,065A,F,1,,true,065A,
dataset/raw_audio/AudioCropped/1Y-066A-M.wav,data/meowagenet/official-3d02295bef15/AudioCropped/1Y-066A-M.wav,1Y-066A-M.wav,2d5d8042ae2a512b5694fafbf97394d81bda89a3,ac08f268878742e55afb52dd7432595eb452cf327864e88d0347f81bc6feabe9,88462,44100,1,16,1.000000,1Y,1.000000,adult,066A,066A,M,1,,true,066A,
dataset/raw_audio/AudioCropped/1Y-067A-M-01.wav,data/meowagenet/official-3d02295bef15/AudioCropped/1Y-067A-M-01.wav,1Y-067A-M-01.wav,ff4572b9da77bf48b5522a90b7721db9b9626e3c,f5f3d7c3a9a6ad2d481a73ece48ddefbd2796b3174f28a731d13cf191c561985,75882,48000,1,16,0.786792,1Y,1.000000,adult,067A,067A,M,1,,true,067A,
dataset/raw_audio/AudioCropped/1Y-067A-M-02.wav,data/meowagenet/official-3d02295bef15/AudioCropped/1Y-067A-M-02.wav,1Y-067A-M-02.wav,05a54bff886ae45f2ed0ebdbc3cbf0aa462ad9c8,af6ad5d6f891afbd4a68213be27c13eea9ffd42689e978ff2068c696f535af9a,144594,48000,1,16,1.502542,1Y,1.000000,adult,067A,067A,M,1,,true,067A,
dataset/raw_audio/AudioCropped/1Y-067A-M-03.wav,data/meowagenet/official-3d02295bef15/AudioCropped/1Y-067A-M-03.wav,1Y-067A-M-03.wav,3d9b54cfa73b575de4d84f23e70bbbfe824384f0,82fd35ebe86acd2b5bffd2d739b4893ccd6197a7736b77b32075953d3ada40d8,99518,48000,1,16,1.033000,1Y,1.000000,adult,067A,067A,M,1,,true,067A,
dataset/raw_audio/AudioCropped/1Y-067A-M-04.wav,data/meowagenet/official-3d02295bef15/AudioCropped/1Y-067A-M-04.wav,1Y-067A-M-04.wav,0d6e661b35f278a107a077047e81e4f5d28f4ece,3534869a7c27210d3e510cbb2061535d30be1b9292c3af4002d65fe24e1becfc,88310,48000,1,16,0.916250,1Y,1.000000,adult,067A,067A,M,1,,true,067A,
dataset/raw_audio/AudioCropped/1Y-067A-M-05.wav,data/meowagenet/official-3d02295bef15/AudioCropped/1Y-067A-M-05.wav,1Y-067A-M-05.wav,aca3249af0462bb628242b25a65d5f5741c15dae,3d4910ef36e5c96a103654fba509db25676af0a6781ec6d93d2c9d6d06cdc85a,106826,48000,1,16,1.109125,1Y,1.000000,adult,067A,067A,M,1,,true,067A,
dataset/raw_audio/AudioCropped/1Y-067A-M-06.wav,data/meowagenet/official-3d02295bef15/AudioCropped/1Y-067A-M-06.wav,1Y-067A-M-06.wav,a503a6236e4ccd56f76f8805bb554aa1c0cad844,57747d818ee3bd55983b301c39d2f7e328da68966c4e3fa2de5ca170d6713565,74880,48000,1,16,0.776354,1Y,1.000000,adult,067A,067A,M,1,,true,067A,
dataset/raw_audio/AudioCropped/1Y-067A-M-07.wav,data/meowagenet/official-3d02295bef15/AudioCropped/1Y-067A-M-07.wav,1Y-067A-M-07.wav,c9189f89cc2f78171c8ef9ccaee86f5c7d2e7748,3c89a39cd540346a06eb08c16d095541e3dd806761312e8d3ded142f7d50008f,151008,48000,1,16,1.569354,1Y,1.000000,adult,067A,067A,M,1,,true,067A,
dataset/raw_audio/AudioCropped/1Y-067A-M-08.wav,data/meowagenet/official-3d02295bef15/AudioCropped/1Y-067A-M-08.wav,1Y-067A-M-08.wav,b2c72722f543d115ea6fc4cb67fe40c1bbf2a0c1,ccf17a4201a8ca3d323efb5f188b8f59d020020bdb05890d10169338baead4ee,101668,48000,1,16,1.055396,1Y,1.000000,adult,067A,067A,M,1,,true,067A,
dataset/raw_audio/AudioCropped/1Y-067A-M-09.wav,data/meowagenet/official-3d02295bef15/AudioCropped/1Y-067A-M-09.wav,1Y-067A-M-09.wav,513c26ddbe025666e14e4da72e9942d606d30e53,6b1b490528680896c928d185ef346d5a4d54c2c51ab402f13a6de446c325f8ff,89432,48000,1,16,0.927937,1Y,1.000000,adult,067A,067A,M,1,,true,067A,
dataset/raw_audio/AudioCropped/1Y-067A-M-10.wav,data/meowagenet/official-3d02295bef15/AudioCropped/1Y-067A-M-10.wav,1Y-067A-M-10.wav,26ea11fc362f2806e51f8b77e2a818e299a93f5f,fbfb9670e9c7297ec4b8ee116d0ab01ad2c6b7744e66096cedd191f1bc20e372,96230,48000,1,16,0.998708,1Y,1.000000,adult,067A,067A,M,1,,true,067A,
dataset/raw_audio/AudioCropped/1Y-067A-M-11.wav,data/meowagenet/official-3d02295bef15/AudioCropped/1Y-067A-M-11.wav,1Y-067A-M-11.wav,c02984db05509b98f927734f28b420fba5f63620,158f12dbacf86d026c0556eb70e8ec059fd369c62d6d63f7ef4c212eef1c843b,112350,48000,1,16,1.166625,1Y,1.000000,adult,067A,067A,M,1,,true,067A,
dataset/raw_audio/AudioCropped/1Y-075A-M-01.wav,data/meowagenet/official-3d02295bef15/AudioCropped/1Y-075A-M-01.wav,1Y-075A-M-01.wav,e9c4e8c1b1bf77d5fde9510e59fa457b6dc2a95c,371981983320c6301fe90e8332db48a35370eaa822620e2992ead8002649cb1d,65798,44100,1,16,0.743492,1Y,1.000000,adult,075A,075A,M,1,,true,075A,
dataset/raw_audio/AudioCropped/1Y-075A-M-02.wav,data/meowagenet/official-3d02295bef15/AudioCropped/1Y-075A-M-02.wav,1Y-075A-M-02.wav,96770d84643726674a8fecf52f0e2ef5f89af575,4881c4e267b4ae4796b5b283d97c94f4d29c4bf82f5fbd7a951eb652b67c6fcb,62494,44100,1,16,0.706032,1Y,1.000000,adult,075A,075A,M,1,,true,075A,
dataset/raw_audio/AudioCropped/1Y-075A-M-03.wav,data/meowagenet/official-3d02295bef15/AudioCropped/1Y-075A-M-03.wav,1Y-075A-M-03.wav,0631d91dc46ae295a6aca579a4f0bd810ac34233,f62b4ac249cb5ddc9c3f2669f47028424dcff76082e87558c7a581099533e631,59338,44100,1,16,0.670249,1Y,1.000000,adult,075A,075A,M,1,,true,075A,
dataset/raw_audio/AudioCropped/1Y-075A-M-04.wav,data/meowagenet/official-3d02295bef15/AudioCropped/1Y-075A-M-04.wav,1Y-075A-M-04.wav,d21b61d806a6275c5e1b964ecf4cd07c7f30da81,1f8b0e41bf80a54367acbf0be8be5b7e86b4c7000c8a7b01e39af08f130170e9,60932,44100,1,16,0.688322,1Y,1.000000,adult,075A,075A,M,1,,true,075A,
dataset/raw_audio/AudioCropped/1Y-075A-M-05.wav,data/meowagenet/official-3d02295bef15/AudioCropped/1Y-075A-M-05.wav,1Y-075A-M-05.wav,b79690272aaf9c498d9f4d1eebf4d50ea1238c4d,bb54a5326267cf849023545133303a5d32a93ecaf8c26932e9664615b9ff182f,53770,44100,1,16,0.607120,1Y,1.000000,adult,075A,075A,M,1,,true,075A,
dataset/raw_audio/AudioCropped/2.5Y-003A-M1-01.wav,data/meowagenet/official-3d02295bef15/AudioCropped/2.5Y-003A-M1-01.wav,2.5Y-003A-M1-01.wav,7cd51cfdd98100bdbb6b74ee9e766f31a9b60e7f,4ef2ffdedc7759f571de247dab2271c5947599754babc2893a1384c280f5fe08,82500,48000,1,16,0.858917,2.5Y,2.500000,adult,003A,003A,M,2.5,,true,003A,
dataset/raw_audio/AudioCropped/2.5Y-003A-M2-01.wav,data/meowagenet/official-3d02295bef15/AudioCropped/2.5Y-003A-M2-01.wav,2.5Y-003A-M2-01.wav,3a455aee59a2a0a7d95bb1617fde09af8528f213,9c8ccd36842a1beb3df2779940661792cbb2c1cfe63a095820d84aab33990106,77256,48000,1,16,0.804292,2.5Y,2.500000,adult,003A,003A,M,2.5,,true,003A,
dataset/raw_audio/AudioCropped/2.5Y-003A-M2.wav,data/meowagenet/official-3d02295bef15/AudioCropped/2.5Y-003A-M2.wav,2.5Y-003A-M2.wav,8ee56005d5bb86b4fd18a5efd2289786ab6cdb6d,ebc4d6c622bec75adac89b70a6e1d0622de78c9fd3fd6f5517ac546545d74016,77248,48000,1,16,0.804208,2.5Y,2.500000,adult,003A,003A,M,2.5,,true,003A,
dataset/raw_audio/AudioCropped/2.5Y-003A-M3.wav,data/meowagenet/official-3d02295bef15/AudioCropped/2.5Y-003A-M3.wav,2.5Y-003A-M3.wav,02ee76aa280929ce6141edc7638a4c25772d2a33,1893d8f031a7d05c236d1fe99530c6dc2a065c6536fc4eb3e2f45070e43ff00d,73260,48000,1,16,0.762667,2.5Y,2.500000,adult,003A,003A,M,2.5,,true,003A,
dataset/raw_audio/AudioCropped/2.5Y-021A-M3.wav,data/meowagenet/official-3d02295bef15/AudioCropped/2.5Y-021A-M3.wav,2.5Y-021A-M3.wav,ce4c8e4a62cfa23077424781c42b7687c5903a9b,40fa9121b5958f6540ebb7a627c2e7d3d2586f21e1fcae6223f606d7bdc0971a,35516,48000,1,16,0.369500,2.5Y,2.500000,adult,021A,021A,M,2.5,,true,021A,
dataset/raw_audio/AudioCropped/2.5Y-021A-M4.wav,data/meowagenet/official-3d02295bef15/AudioCropped/2.5Y-021A-M4.wav,2.5Y-021A-M4.wav,6417c0e129bb51ec42d0603528902d30dc77a550,1cf6f19f36bb92d9aa1640dc24cad783f0cf0498085b35dda67d5e16eec2967f,61960,48000,1,16,0.644958,2.5Y,2.500000,adult,021A,021A,M,2.5,,true,021A,
dataset/raw_audio/AudioCropped/2.5Y-021A-M5.wav,data/meowagenet/official-3d02295bef15/AudioCropped/2.5Y-021A-M5.wav,2.5Y-021A-M5.wav,6093550a07f18313152c30280ca842fa5c4787bf,79c230846a02631584abc82cd15c38462e81db0e65b01b52e4cbd96660f606b5,68834,48000,1,16,0.716562,2.5Y,2.500000,adult,021A,021A,M,2.5,,true,021A,
dataset/raw_audio/AudioCropped/2.5Y-021A-M6-01.wav,data/meowagenet/official-3d02295bef15/AudioCropped/2.5Y-021A-M6-01.wav,2.5Y-021A-M6-01.wav,ddb05e27186af9af105a8d94bdd256c8b764b20a,2256a7a19d10aca26158787902cd7aade152d3512af126e4e0180c67020657ea,92412,48000,1,16,0.961146,2.5Y,2.500000,adult,021A,021A,M,2.5,,true,021A,
dataset/raw_audio/AudioCropped/2.5Y-021A-M6-02.wav,data/meowagenet/official-3d02295bef15/AudioCropped/2.5Y-021A-M6-02.wav,2.5Y-021A-M6-02.wav,3405fc07e17127827aa18a1b4ebf868b22696283,fa057d3527e9381a3edb5cfb28833e0606b8e83a9e2da792ca5dd292377b3bf7,72368,48000,1,16,0.752354,2.5Y,2.500000,adult,021A,021A,M,2.5,,true,021A,
dataset/raw_audio/AudioCropped/2Y-000B-F1-01.wav,data/meowagenet/official-3d02295bef15/AudioCropped/2Y-000B-F1-01.wav,2Y-000B-F1-01.wav,329c31b24d5ddf62426ed1e754458d5345772cf0,c488bd94438de782afe2ed21b5d742802d506d76df0d19b7126b472163e4ae2e,59610,48000,1,16,0.619500,2Y,2.000000,adult,000B,000B,F,2,,true,000B,same_cat_multiple_target_years
dataset/raw_audio/AudioCropped/2Y-000B-F1-02.wav,data/meowagenet/official-3d02295bef15/AudioCropped/2Y-000B-F1-02.wav,2Y-000B-F1-02.wav,54bb28625b8f8a6e6fe857bdf26e99875992218f,230597356e1cf49be3f75e397d200bbeb98903471df5e84749df0fff519d72a2,67684,48000,1,16,0.703604,2Y,2.000000,adult,000B,000B,F,2,,true,000B,same_cat_multiple_target_years
dataset/raw_audio/AudioCropped/2Y-000B-F1-03.wav,data/meowagenet/official-3d02295bef15/AudioCropped/2Y-000B-F1-03.wav,2Y-000B-F1-03.wav,9141f618a565f0c1bd6d4d67e18d4dee264da8e3,f0d42a47b0d63f012246543b405c4ea17ab4bf151c6aed426abc0f81960082b4,56568,48000,1,16,0.587812,2Y,2.000000,adult,000B,000B,F,2,,true,000B,same_cat_multiple_target_years
dataset/raw_audio/AudioCropped/2Y-000B-F1-WO-01.wav,data/meowagenet/official-3d02295bef15/AudioCropped/2Y-000B-F1-WO-01.wav,2Y-000B-F1-WO-01.wav,6dc549a4ab83674530003c8d8f469e408cf268ef,822a3a4c8b2ff1eb8d67df5d96d77747c820113cc965935dc291b22c57557b3c,51546,48000,1,16,0.535458,2Y,2.000000,adult,000B,000B,F,2,,true,000B,same_cat_multiple_target_years
dataset/raw_audio/AudioCropped/2Y-000B-F1-WO-02.wav,data/meowagenet/official-3d02295bef15/AudioCropped/2Y-000B-F1-WO-02.wav,2Y-000B-F1-WO-02.wav,cd24b6380745793b15928d68cccb936b6a7014e0,4ff344b831c828f704e387b4fc65f299d27a537e929c3b35b964b9261321e7f8,60842,48000,1,16,0.632292,2Y,2.000000,adult,000B,000B,F,2,,true,000B,same_cat_multiple_target_years
dataset/raw_audio/AudioCropped/2Y-000B-F1-WO-03.wav,data/meowagenet/official-3d02295bef15/AudioCropped/2Y-000B-F1-WO-03.wav,2Y-000B-F1-WO-03.wav,826aed762623b7c1d75a5c02692554e61a9c5a0b,1a5d48dc95cb917a0605bd6a6b5a7775486400fcf405ae0b19e1437fb4aef0e9,53846,48000,1,16,0.559417,2Y,2.000000,adult,000B,000B,F,2,,true,000B,same_cat_multiple_target_years
dataset/raw_audio/AudioCropped/2Y-000B-F1-WO-04.wav,data/meowagenet/official-3d02295bef15/AudioCropped/2Y-000B-F1-WO-04.wav,2Y-000B-F1-WO-04.wav,87584c1c0bf193b6a9620fc8c9851193204a350c,1f3f5050c515770b73ccf6c4ae8b439383cedda63cb7dbe452d9f5a492c1220a,62278,48000,1,16,0.647250,2Y,2.000000,adult,000B,000B,F,2,,true,000B,same_cat_multiple_target_years
dataset/raw_audio/AudioCropped/2Y-000B-F1-WO-05.wav,data/meowagenet/official-3d02295bef15/AudioCropped/2Y-000B-F1-WO-05.wav,2Y-000B-F1-WO-05.wav,1da30f35cf769f3ed51f6fce2f57e87bcc529297,b60c52802d79620aa1af7d99062e9188c90e161f049ca9477c889a550d610b9e,63710,48000,1,16,0.662167,2Y,2.000000,adult,000B,000B,F,2,,true,000B,same_cat_multiple_target_years
dataset/raw_audio/AudioCropped/2Y-000B-F1-WO-06.wav,data/meowagenet/official-3d02295bef15/AudioCropped/2Y-000B-F1-WO-06.wav,2Y-000B-F1-WO-06.wav,aee85736c4aa753a9e23f231f7f252211d092e7e,9a4a372e20ec22d9ea226eaa868dc7df70bc178f89447dbd7a54e4b161220bca,57826,48000,1,16,0.600875,2Y,2.000000,adult,000B,000B,F,2,,true,000B,same_cat_multiple_target_years
dataset/raw_audio/AudioCropped/2Y-000B-F2-01.wav,data/meowagenet/official-3d02295bef15/AudioCropped/2Y-000B-F2-01.wav,2Y-000B-F2-01.wav,2425741f4d02ea9197e67e197f96c681493ed056,decf6176819646db63c19dbdea5b953d5d09afc05da4882adfacfa768a19638a,71766,48000,1,16,0.746125,2Y,2.000000,adult,000B,000B,F,2,,true,000B,same_cat_multiple_target_years
dataset/raw_audio/AudioCropped/2Y-000B-F2-02.wav,data/meowagenet/official-3d02295bef15/AudioCropped/2Y-000B-F2-02.wav,2Y-000B-F2-02.wav,c48a820b6622057f177a156508eca5a2ae4ff022,78312387a9def3028bca1a9a2d3360775bef56ab5e3ebe8e6742a8dee12f89ad,55520,48000,1,16,0.576896,2Y,2.000000,adult,000B,000B,F,2,,true,000B,same_cat_multiple_target_years
dataset/raw_audio/AudioCropped/2Y-000B-F4-01.wav,data/meowagenet/official-3d02295bef15/AudioCropped/2Y-000B-F4-01.wav,2Y-000B-F4-01.wav,c3f0fb106cd4bfc42c664bf92c994a6ef85255f3,2307f9ed3e971edb06f3c4046a590bd57a462293c215b720f28719f410a12479,71196,48000,1,16,0.741167,2Y,2.000000,adult,000B,000B,F,2,,true,000B,same_cat_multiple_target_years
dataset/raw_audio/AudioCropped/2Y-000B-F5-01.wav,data/meowagenet/official-3d02295bef15/AudioCropped/2Y-000B-F5-01.wav,2Y-000B-F5-01.wav,8271ff98dc0bab4e0061464bcb811709bfddd3ba,acb587ca7829b591383f825c1c15c0e76dfbd286f7971d2450cb6c32de37f10b,45448,48000,1,16,0.471979,2Y,2.000000,adult,000B,000B,F,2,,true,000B,same_cat_multiple_target_years
dataset/raw_audio/AudioCropped/2Y-000B-F5-02.wav,data/meowagenet/official-3d02295bef15/AudioCropped/2Y-000B-F5-02.wav,2Y-000B-F5-02.wav,be63bec7401d15b5ecc27f2769cd6eb504d1fd48,1fd8b7a37f8cd70e0fe5badc177f816c597b15b26c7176555c3aef2560763fe5,77448,48000,1,16,0.805312,2Y,2.000000,adult,000B,000B,F,2,,true,000B,same_cat_multiple_target_years
dataset/raw_audio/AudioCropped/2Y-000B-F5-03.wav,data/meowagenet/official-3d02295bef15/AudioCropped/2Y-000B-F5-03.wav,2Y-000B-F5-03.wav,240b8de0d2985d2862ffa55b25ecdd923cb46114,000a82693a120eb2c60f30c1a3ddc53434a70e890912e3fe58160d563c0ea832,51846,48000,1,16,0.538625,2Y,2.000000,adult,000B,000B,F,2,,true,000B,same_cat_multiple_target_years
dataset/raw_audio/AudioCropped/2Y-000B-F6-01.wav,data/meowagenet/official-3d02295bef15/AudioCropped/2Y-000B-F6-01.wav,2Y-000B-F6-01.wav,360c8f8ece23612ee2183e5f17a4d3bb16c08196,3a653c57d52179356b2a741e0c255748105bdc1abcf99a3d0cb12e38922fa14c,35572,48000,1,16,0.370083,2Y,2.000000,adult,000B,000B,F,2,,true,000B,same_cat_multiple_target_years
dataset/raw_audio/AudioCropped/2Y-000B-F7-01.wav,data/meowagenet/official-3d02295bef15/AudioCropped/2Y-000B-F7-01.wav,2Y-000B-F7-01.wav,7a8e9fc52e464bb34e1245ef6b591b2d31843363,16959ff1c6f1d11aa4e1823ff7ccac00d6e41d9a8d989ec3623aa60a7cc56db4,82286,48000,1,16,0.855833,2Y,2.000000,adult,000B,000B,F,2,,true,000B,same_cat_multiple_target_years
dataset/raw_audio/AudioCropped/2Y-000B-F7-02.wav,data/meowagenet/official-3d02295bef15/AudioCropped/2Y-000B-F7-02.wav,2Y-000B-F7-02.wav,89a8cc1e4dba184569248704e10725875d867e09,885523104e9878bbb3103365e4dae64a87b677c603da1f6e05636dbff4c88f8a,76752,48000,1,16,0.798188,2Y,2.000000,adult,000B,000B,F,2,,true,000B,same_cat_multiple_target_years
dataset/raw_audio/AudioCropped/2Y-006A-M1-01.wav,data/meowagenet/official-3d02295bef15/AudioCropped/2Y-006A-M1-01.wav,2Y-006A-M1-01.wav,774fb9da9ca518630d64e1d9bab8fd34e79834c2,0ff3d78663fab4a8f19740f5010490bcc9a2624b0edb0b1d6db0133ef6c9bed4,44994,48000,1,16,0.468229,2Y,2.000000,adult,006A,006A,M,2,,true,006A,
dataset/raw_audio/AudioCropped/2Y-006A-M2-01.wav,data/meowagenet/official-3d02295bef15/AudioCropped/2Y-006A-M2-01.wav,2Y-006A-M2-01.wav,245ec08453c98f3c6451efa86c66586177a1016a,ec0ddc06b1e0d7fd0794e5059ea88f0595b92389ab2c4848b054037582e3b707,23128,44100,1,16,0.260748,2Y,2.000000,adult,006A,006A,M,2,,true,006A,
dataset/raw_audio/AudioCropped/2Y-006A-M2-02.wav,data/meowagenet/official-3d02295bef15/AudioCropped/2Y-006A-M2-02.wav,2Y-006A-M2-02.wav,217b5c7ee27a051435793d933d32dce1f56f53f0,c5bae6445de09c3264965613b1b677acbb79ad597e95a2c9c3cf618beb80b9f6,23008,44100,1,16,0.259388,2Y,2.000000,adult,006A,006A,M,2,,true,006A,
dataset/raw_audio/AudioCropped/2Y-012A-M1-01.wav,data/meowagenet/official-3d02295bef15/AudioCropped/2Y-012A-M1-01.wav,2Y-012A-M1-01.wav,23f9841979ee5d112bd9a611722b6a45aab8caa6,39cd117959344c1a72e6e04881e449ef5c7af9c365dcaf60fcb46c508da70787,94858,48000,1,16,0.986667,2Y,2.000000,adult,012A,012A,M,2,,true,012A,
dataset/raw_audio/AudioCropped/2Y-012A-M1-02.wav,data/meowagenet/official-3d02295bef15/AudioCropped/2Y-012A-M1-02.wav,2Y-012A-M1-02.wav,6e04522843cf10000ce7a3e2035a2a39fadd82d4,a06f7724292cb3bbb56ef09d8631a2c8430ae96c9d0d089f86ccdd45036e7b47,93534,48000,1,16,0.972875,2Y,2.000000,adult,012A,012A,M,2,,true,012A,
dataset/raw_audio/AudioCropped/2Y-012A-M1-03.wav,data/meowagenet/official-3d02295bef15/AudioCropped/2Y-012A-M1-03.wav,2Y-012A-M1-03.wav,2e1f64225c0dab411e7f8c62f758ad9445673585,4bc171b9163db655a382d70b084107da124479fd3b51be742eb44de826d818f4,85518,48000,1,16,0.889375,2Y,2.000000,adult,012A,012A,M,2,,true,012A,
dataset/raw_audio/AudioCropped/2Y-031A-F1-01.wav,data/meowagenet/official-3d02295bef15/AudioCropped/2Y-031A-F1-01.wav,2Y-031A-F1-01.wav,215738447b84a11c7017f7e5cf7fa26d0cdb087b,0678ae1df9566cfb8cd40b3cb6f8ed7972057fb6a08086aacb7627647071a37d,86642,48000,1,16,0.901083,2Y,2.000000,adult,031A,031A,F,2,,true,031A,
dataset/raw_audio/AudioCropped/2Y-031A-F1-02.wav,data/meowagenet/official-3d02295bef15/AudioCropped/2Y-031A-F1-02.wav,2Y-031A-F1-02.wav,8daf257283820161a1b9948b14cbea0037abc84c,26a148642e9124eb9f915f5d4f2cb6430ab5d68814da5af333e556b6e2e207fb,85234,48000,1,16,0.886417,2Y,2.000000,adult,031A,031A,F,2,,true,031A,
dataset/raw_audio/AudioCropped/2Y-031A-F1-03.wav,data/meowagenet/official-3d02295bef15/AudioCropped/2Y-031A-F1-03.wav,2Y-031A-F1-03.wav,4109db4e7cf4fe9b07fc4036e72bee646bdbfb38,ac5c8d7ceb979f4b4e1a786f9988e3ed537eabadc236a5fcbdc536718af36860,76594,48000,1,16,0.796417,2Y,2.000000,adult,031A,031A,F,2,,true,031A,
dataset/raw_audio/AudioCropped/2Y-031A-F2-01.wav,data/meowagenet/official-3d02295bef15/AudioCropped/2Y-031A-F2-01.wav,2Y-031A-F2-01.wav,5641e0ba6347a23a20374e4159bacdc11bd944d4,321f616cb668a70b26d2ced641ee961a6ddedb949ea8fe4d23c8ac856d4eb93c,35390,48000,1,16,0.367208,2Y,2.000000,adult,031A,031A,F,2,,true,031A,
dataset/raw_audio/AudioCropped/2Y-031A-F2-02.wav,data/meowagenet/official-3d02295bef15/AudioCropped/2Y-031A-F2-02.wav,2Y-031A-F2-02.wav,32a1d2e2775ef9a558b7bcc730bec4ce0c4008ee,a1915174cdf1d3372959f52a894e3ff2d20289561c20b0cf75548b9ee296b3c5,88852,48000,1,16,0.924104,2Y,2.000000,adult,031A,031A,F,2,,true,031A,
dataset/raw_audio/AudioCropped/2Y-031A-F2-03.wav,data/meowagenet/official-3d02295bef15/AudioCropped/2Y-031A-F2-03.wav,2Y-031A-F2-03.wav,0ead269b1d2743ad26d8ce6924a9a71dc20f5ca7,adc34d976000b728e7b5a70fbc85050ba550b819e1bf6948f9e5a2342b98d7a1,14930,48000,1,16,0.154083,2Y,2.000000,adult,031A,031A,F,2,,true,031A,
dataset/raw_audio/AudioCropped/2Y-031A-F2-04.wav,data/meowagenet/official-3d02295bef15/AudioCropped/2Y-031A-F2-04.wav,2Y-031A-F2-04.wav,ec7e15fc6d1e950534ab6f5932718f8513e548f9,0966af03c78575e157226275cc9d7e88dc1857d9f3181bd0486ef0201715d0ee,71766,48000,1,16,0.746125,2Y,2.000000,adult,031A,031A,F,2,,true,031A,
dataset/raw_audio/AudioCropped/2Y-068A-X-01.wav,data/meowagenet/official-3d02295bef15/AudioCropped/2Y-068A-X-01.wav,2Y-068A-X-01.wav,c30b9127d41d068ff9a1d6551a9657d28fac6c50,fb1ebac81d5de22d308f68c28644ae8a36a03c7ac8a805acaff490b3a802ebd9,111470,48000,1,16,1.159167,2Y,2.000000,adult,068A,068A,X,2,,true,068A,
dataset/raw_audio/AudioCropped/2Y-068A-X-02.wav,data/meowagenet/official-3d02295bef15/AudioCropped/2Y-068A-X-02.wav,2Y-068A-X-02.wav,c88cb0f416f7a35a6439f9587eae1cdb27c4626a,1cea58b8d30ddb3e93d48652575b682bd9dd146621f3a74cd228cc6eab51ad1c,70886,48000,1,16,0.736417,2Y,2.000000,adult,068A,068A,X,2,,true,068A,
dataset/raw_audio/AudioCropped/2Y-068A-X-03.wav,data/meowagenet/official-3d02295bef15/AudioCropped/2Y-068A-X-03.wav,2Y-068A-X-03.wav,61f5341fe9e79663381daaea51b741582727a3a6,aaa30405f3f22a2509fd67ee4b87c01838bc67b520abb92911013487e5c7886d,160154,48000,1,16,1.666292,2Y,2.000000,adult,068A,068A,X,2,,true,068A,
dataset/raw_audio/AudioCropped/2Y-068A-X-04.wav,data/meowagenet/official-3d02295bef15/AudioCropped/2Y-068A-X-04.wav,2Y-068A-X-04.wav,b7c48dba28131726bf6ae60380622d93f5354623,5b9f76a685f8c367f73e3cb2e395d346d956c3d2cb1b94cb059de41661b6650a,77564,48000,1,16,0.805979,2Y,2.000000,adult,068A,068A,X,2,,true,068A,
dataset/raw_audio/AudioCropped/2Y-068A-X-05.wav,data/meowagenet/official-3d02295bef15/AudioCropped/2Y-068A-X-05.wav,2Y-068A-X-05.wav,8c0c89cb30c25982a8ac01dfb20a7b74af32ca55,62d8c08d38bf3b6687c93e0877caf2faca46425807f94d5423e020d15e3d79b8,63060,48000,1,16,0.654896,2Y,2.000000,adult,068A,068A,X,2,,true,068A,
dataset/raw_audio/AudioCropped/2Y-068A-X-06.wav,data/meowagenet/official-3d02295bef15/AudioCropped/2Y-068A-X-06.wav,2Y-068A-X-06.wav,e8dd30d2e04e1fc3130e6db85567cf8bd995d12c,e243824bc253353db942535ba28a24c5b322fc90a83a6049aaf73469b17399d1,68002,48000,1,16,0.706375,2Y,2.000000,adult,068A,068A,X,2,,true,068A,
dataset/raw_audio/AudioCropped/2Y-068A-X-07.wav,data/meowagenet/official-3d02295bef15/AudioCropped/2Y-068A-X-07.wav,2Y-068A-X-07.wav,27cd9f294ac412bbd87dc0a322495ba854a08505,56d18769de97e943f1c198f6a131a537577c477fd5aa290f72c48791c9cf9be1,91474,48000,1,16,0.950875,2Y,2.000000,adult,068A,068A,X,2,,true,068A,
dataset/raw_audio/AudioCropped/2Y-068A-X-08.wav,data/meowagenet/official-3d02295bef15/AudioCropped/2Y-068A-X-08.wav,2Y-068A-X-08.wav,870bbb98ac2c8078f8f5b4fd59ecab289f939f52,4c34dfd26b24516e5d409e4ee4e7b2c30304775008b5f110fffdff72af7b8a70,78650,48000,1,16,0.817292,2Y,2.000000,adult,068A,068A,X,2,,true,068A,
dataset/raw_audio/AudioCropped/2Y-069A-X-01.wav,data/meowagenet/official-3d02295bef15/AudioCropped/2Y-069A-X-01.wav,2Y-069A-X-01.wav,158fbe4d1c2e1f73ec12f7aa79c2299d34e608fc,826b3e7075f24636ffc8763ea932f0f47dcabd57285099d07f4d1ee2c9e5f703,114222,96000,1,16,0.594063,2Y,2.000000,adult,069A,069A,X,2,,true,069A,
dataset/raw_audio/AudioCropped/2Y-069A-X-02.wav,data/meowagenet/official-3d02295bef15/AudioCropped/2Y-069A-X-02.wav,2Y-069A-X-02.wav,8df6de3bf27cae5e9307ccc5714867d64dbb4fc5,610d56318fa34d7fb3f6efed487c7965fc14a1e470f0f1af24b4194553687f19,57746,96000,1,16,0.299917,2Y,2.000000,adult,069A,069A,X,2,,true,069A,
dataset/raw_audio/AudioCropped/2Y-076A-M.wav,data/meowagenet/official-3d02295bef15/AudioCropped/2Y-076A-M.wav,2Y-076A-M.wav,868e6c63fbf62aa7d812c679f99c709936e216d2,fe439fd42644ac9caf3edd4dd740a1a7db2372e14c49d086c88baf69eb7797ca,50690,44100,1,16,0.572018,2Y,2.000000,adult,076A,076A,M,2,,true,076A,
dataset/raw_audio/AudioCropped/2Y-087A_M1-01.wav,data/meowagenet/official-3d02295bef15/AudioCropped/2Y-087A_M1-01.wav,2Y-087A_M1-01.wav,c4d359878d8fb69f599bc6dac5f85614cb214184,205423b8a009110dbb0c73b0eb1d8f5418b0b4e647f61de0566b3be02e7b1ad8,63886,48000,1,16,0.665021,2Y,2.000000,adult,087A,087A,M,2,,true,087A,
dataset/raw_audio/AudioCropped/2Y-087A_M1-02.wav,data/meowagenet/official-3d02295bef15/AudioCropped/2Y-087A_M1-02.wav,2Y-087A_M1-02.wav,abac6aebe17b76f6548c88cee42d875614ea8f4f,0e10e34a54923a9a8e0ea10e45eb55c063e479ca50609a73b9f48f64f17e5349,55162,48000,1,16,0.573125,2Y,2.000000,adult,087A,087A,M,2,,true,087A,
dataset/raw_audio/AudioCropped/2Y-100A-M1-NC.wav,data/meowagenet/official-3d02295bef15/AudioCropped/2Y-100A-M1-NC.wav,2Y-100A-M1-NC.wav,25658798269b1ddefbd2a5a3ce82d59bc48ff4bf,c6c1a5f5b78a3999f56d26d2fcd7b8bdb1f08a2ed10443bd132c12fcbc93ee8e,82522,48000,1,16,0.859146,2Y,2.000000,adult,100A,100A,M,2,,true,100A,
dataset/raw_audio/AudioCropped/3Y-018A-M1-01.wav,data/meowagenet/official-3d02295bef15/AudioCropped/3Y-018A-M1-01.wav,3Y-018A-M1-01.wav,dcb3eda6a31b8bcdba68f18c468ac4b0f2564b1e,367ed8729481325d2f2d067ddc1bd88ca0d61433598ec60c7cf25650e36b8ba3,18546,48000,1,16,0.192729,3Y,3.000000,adult,018A,018A,M,3,,true,018A,
dataset/raw_audio/AudioCropped/3Y-018A-M2-01.wav,data/meowagenet/official-3d02295bef15/AudioCropped/3Y-018A-M2-01.wav,3Y-018A-M2-01.wav,4ae4375aaa611bcfeb37cb0b033f59048e803234,4c56baf640279092e9af030066b8a65076cbbf1f683a296bdc78a571d7b752fe,44348,48000,1,16,0.461500,3Y,3.000000,adult,018A,018A,M,3,,true,018A,
dataset/raw_audio/AudioCropped/3Y-029A-M1-01.wav,data/meowagenet/official-3d02295bef15/AudioCropped/3Y-029A-M1-01.wav,3Y-029A-M1-01.wav,b00006d5aa27e3c935d055c74e88d6737f2ed98f,12c978441c3786c29c63c8581a13b49e8b5ec9494a7b3332fe08a21dc38c18e9,47288,48000,1,16,0.491146,3Y,3.000000,adult,029A,029A,M,3,,true,029A,
dataset/raw_audio/AudioCropped/3Y-029A-M1-02.wav,data/meowagenet/official-3d02295bef15/AudioCropped/3Y-029A-M1-02.wav,3Y-029A-M1-02.wav,f7dcbe5db273eb303bf3204ec095f3c1610d6676,299a194c38038f2ccf68effe03f5d760a41f97a18f2c63590016f2b9a9bb8951,119862,48000,1,16,1.247125,3Y,3.000000,adult,029A,029A,M,3,,true,029A,
dataset/raw_audio/AudioCropped/3Y-029A-M1-03.wav,data/meowagenet/official-3d02295bef15/AudioCropped/3Y-029A-M1-03.wav,3Y-029A-M1-03.wav,082c5f7061ae9b2ca73e4e4308f7709aaa739ce5,4514cec8caea980284baa28de5ed7a7f6876cd9411ed72b2c6d94ac667efeb43,87236,48000,1,16,0.907271,3Y,3.000000,adult,029A,029A,M,3,,true,029A,
dataset/raw_audio/AudioCropped/3Y-029A-M1-04.wav,data/meowagenet/official-3d02295bef15/AudioCropped/3Y-029A-M1-04.wav,3Y-029A-M1-04.wav,965f43632db24a56b1470c42394ed15f6a01dec1,42701f6fe443aa8e4a8ea2c59cbf80d98ce793712a32178e04da054c008dd0d0,88402,48000,1,16,0.919417,3Y,3.000000,adult,029A,029A,M,3,,true,029A,
dataset/raw_audio/AudioCropped/3Y-029A-M1-05.wav,data/meowagenet/official-3d02295bef15/AudioCropped/3Y-029A-M1-05.wav,3Y-029A-M1-05.wav,3cf4d99b9d985392d6baeedf4db356923aba67fd,455c309c0e488620fc9773a2f881d9b88cd7a9bce428270089a498e81a9e0d82,75014,48000,1,16,0.779958,3Y,3.000000,adult,029A,029A,M,3,,true,029A,
dataset/raw_audio/AudioCropped/3Y-029A-M1-06.wav,data/meowagenet/official-3d02295bef15/AudioCropped/3Y-029A-M1-06.wav,3Y-029A-M1-06.wav,ba8b9aaeaea3e1a0b8e39a69cd0de7f8f8ce06e0,9ebbb54be06c1e161be665f003853174db0591ea03d7eb6c42451b672cc6c5b9,83890,48000,1,16,0.872417,3Y,3.000000,adult,029A,029A,M,3,,true,029A,
dataset/raw_audio/AudioCropped/3Y-029A-M1-07.wav,data/meowagenet/official-3d02295bef15/AudioCropped/3Y-029A-M1-07.wav,3Y-029A-M1-07.wav,d53e4b05111541c3434b896307853625d0cfddc1,d62350896e3f9653ec14a7a4498ec6bff85f4ecf79aef46c04b5a3b6f0f07670,90136,48000,1,16,0.937479,3Y,3.000000,adult,029A,029A,M,3,,true,029A,
dataset/raw_audio/AudioCropped/3Y-029A-M1-08.wav,data/meowagenet/official-3d02295bef15/AudioCropped/3Y-029A-M1-08.wav,3Y-029A-M1-08.wav,c302dc8ad9088d419714c3472a67e3bd514ef71b,fbf924a59823448a25efee592bea577d963949c1e9fd1b9bbd2354499c855a52,77772,48000,1,16,0.808688,3Y,3.000000,adult,029A,029A,M,3,,true,029A,
dataset/raw_audio/AudioCropped/3Y-029A-M1-09.wav,data/meowagenet/official-3d02295bef15/AudioCropped/3Y-029A-M1-09.wav,3Y-029A-M1-09.wav,16352923741d3506415b2ad001160a8b386738f3,2163e7249f1912476bc2167fdde89da25c2bc9817d3ae0bc91992ba81b8776af,72460,48000,1,16,0.753354,3Y,3.000000,adult,029A,029A,M,3,,true,029A,
dataset/raw_audio/AudioCropped/3Y-029A-M2-01.wav,data/meowagenet/official-3d02295bef15/AudioCropped/3Y-029A-M2-01.wav,3Y-029A-M2-01.wav,bbfb1b918116ed8fb5092582ce24e3ab0e228f84,4dec7dc1dab3e6e6d0a56ac97eeab75c2eae80879e9664a957661168bb6dc420,73314,48000,1,16,0.762250,3Y,3.000000,adult,029A,029A,M,3,,true,029A,
dataset/raw_audio/AudioCropped/3Y-029A-M2-02.wav,data/meowagenet/official-3d02295bef15/AudioCropped/3Y-029A-M2-02.wav,3Y-029A-M2-02.wav,5d2ca6be35252639a4349d357b4d0392f7f02caf,50f7d0cfc519829a746f7a6ca28d0bd66e843b3a76330763189088a7cbb726af,107052,48000,1,16,1.113687,3Y,3.000000,adult,029A,029A,M,3,,true,029A,
dataset/raw_audio/AudioCropped/3Y-029A-M2-03.wav,data/meowagenet/official-3d02295bef15/AudioCropped/3Y-029A-M2-03.wav,3Y-029A-M2-03.wav,3e23b4816e2ef422501aeaccff292b25e402b641,254c5fdff2545d6a1994b3c8c8bcba5cd420e6e5970d90e0bad9228abe76bf37,47708,48000,1,16,0.495521,3Y,3.000000,adult,029A,029A,M,3,,true,029A,
dataset/raw_audio/AudioCropped/3Y-029A-M2-04.wav,data/meowagenet/official-3d02295bef15/AudioCropped/3Y-029A-M2-04.wav,3Y-029A-M2-04.wav,081e6007810c84f8bc43df22f549c30a69a46b05,6ffddf1cc38e280913a30502d04a1fb20e6023a3a0e47aa42d9e479b2eaa372f,80416,48000,1,16,0.836229,3Y,3.000000,adult,029A,029A,M,3,,true,029A,
dataset/raw_audio/AudioCropped/3Y-029A-M2-05.wav,data/meowagenet/official-3d02295bef15/AudioCropped/3Y-029A-M2-05.wav,3Y-029A-M2-05.wav,7e8b8caa0ae4705f15a58960f655271e30ed4cf0,cd33dbbfcf280facbc8722b47fa584c7a3e6fb2670da705fe7b1fde926a2392d,60716,48000,1,16,0.631021,3Y,3.000000,adult,029A,029A,M,3,,true,029A,
dataset/raw_audio/AudioCropped/3Y-029A-M2-06.wav,data/meowagenet/official-3d02295bef15/AudioCropped/3Y-029A-M2-06.wav,3Y-029A-M2-06.wav,fb423550d8116e9279d56fd0b518792e4c6cd5a1,ce41409ab56990cf2c7c243d8c298afa52fc2dbc65875203f3cb001b562f705b,72968,48000,1,16,0.758646,3Y,3.000000,adult,029A,029A,M,3,,true,029A,
dataset/raw_audio/AudioCropped/3Y-070A-F-01.wav,data/meowagenet/official-3d02295bef15/AudioCropped/3Y-070A-F-01.wav,3Y-070A-F-01.wav,5a7da9ecf36c824dd224066b29c66f7ed071bf45,922656f8db902aa8bde4c9111e852ae9fae6be4ace19c4d9cef6c750647f4c5c,83564,44100,1,16,0.945601,3Y,3.000000,adult,070A,070A,F,3,,true,070A,
dataset/raw_audio/AudioCropped/3Y-070A-F-02.wav,data/meowagenet/official-3d02295bef15/AudioCropped/3Y-070A-F-02.wav,3Y-070A-F-02.wav,b65be48fd44cc1e1c06bc6cb6bf2872066755821,50e96799b2d5a271548aba4b203c2b96fffbb910509631ed92753637c4068d7b,65892,44100,1,16,0.745238,3Y,3.000000,adult,070A,070A,F,3,,true,070A,
dataset/raw_audio/AudioCropped/3Y-070A-F-03.wav,data/meowagenet/official-3d02295bef15/AudioCropped/3Y-070A-F-03.wav,3Y-070A-F-03.wav,2d4d6c5a7c3d4c132511e91bbc5712365076e72d,192a23e1b30ae5697455dab177b8fe6c590969f993c9b9fad88d79d9bb0c0019,82732,44100,1,16,0.936168,3Y,3.000000,adult,070A,070A,F,3,,true,070A,
dataset/raw_audio/AudioCropped/3Y-070A-F-04.wav,data/meowagenet/official-3d02295bef15/AudioCropped/3Y-070A-F-04.wav,3Y-070A-F-04.wav,1b88edd8cfc79d8925cc0d43339726e67a602c9c,e85ebffb5ea2d7e16ac2a14876b6c29063da32a3b1e8e886fcbb6badfbf64a73,77408,44100,1,16,0.875805,3Y,3.000000,adult,070A,070A,F,3,,true,070A,
dataset/raw_audio/AudioCropped/3Y-070A-F-05.wav,data/meowagenet/official-3d02295bef15/AudioCropped/3Y-070A-F-05.wav,3Y-070A-F-05.wav,b3f8e100d8d78ee068dbc0b6aa6ddc0608dfb38f,c80623ec50ae255a6d9927d842237125cc380a0b48e91de36206151b2bb1cd8f,61134,44100,1,16,0.691293,3Y,3.000000,adult,070A,070A,F,3,,true,070A,
dataset/raw_audio/AudioCropped/3Y-071A-X-01.wav,data/meowagenet/official-3d02295bef15/AudioCropped/3Y-071A-X-01.wav,3Y-071A-X-01.wav,3265663eb9f3f49b445162a252107830a50ec00e,c46dcfcbf37e196a039f4ccd2ee6a06702fef941e57953a01640414f8c8a581a,60630,44100,1,16,0.685714,3Y,3.000000,adult,071A,071A,X,3,,true,071A,
dataset/raw_audio/AudioCropped/3Y-071A-X-02.wav,data/meowagenet/official-3d02295bef15/AudioCropped/3Y-071A-X-02.wav,3Y-071A-X-02.wav,ffe6728cff5699bdfca66aa20374a863a34ce872,1a24debdc2eb30b5122816597fcf0cd7cb6b88dfacdd4cee26537dee4c00f24c,59802,44100,1,16,0.676327,3Y,3.000000,adult,071A,071A,X,3,,true,071A,
dataset/raw_audio/AudioCropped/3Y-071A-X-03.wav,data/meowagenet/official-3d02295bef15/AudioCropped/3Y-071A-X-03.wav,3Y-071A-X-03.wav,a1d514c52b345e58b1cc5bf46ca11a520b0ae767,0f7e4b22220c0d41d8382b809788e39816160a499122321e6e0538d22f2892b4,83828,44100,1,16,0.948730,3Y,3.000000,adult,071A,071A,X,3,,true,071A,
dataset/raw_audio/AudioCropped/3Y-071A-X-04.wav,data/meowagenet/official-3d02295bef15/AudioCropped/3Y-071A-X-04.wav,3Y-071A-X-04.wav,73d33877e171e5de406846042e32808aa07776a5,c442d8ffb1212124119de5611f4734a02caf8b086b5da8bd238e509df4f75a44,67258,44100,1,16,0.760862,3Y,3.000000,adult,071A,071A,X,3,,true,071A,
dataset/raw_audio/AudioCropped/3Y-071A-X-05.wav,data/meowagenet/official-3d02295bef15/AudioCropped/3Y-071A-X-05.wav,3Y-071A-X-05.wav,436aaecd1cf3cb0257de21ae228e2dbcadae61af,e32b3fbec1d1eee032adaa4edfcb6959a84514e4f744cb8cd01801780bcfd778,89626,44100,1,16,1.014467,3Y,3.000000,adult,071A,071A,X,3,,true,071A,
dataset/raw_audio/AudioCropped/3Y-071A-X-06.wav,data/meowagenet/official-3d02295bef15/AudioCropped/3Y-071A-X-06.wav,3Y-071A-X-06.wav,a8e555b28112239fa02e4ece057adbab7de435ff,2e8dbe72b4b8beb527f989dc6e9865229b8b72142e4855c0319c67ce934f7d83,73886,44100,1,16,0.836009,3Y,3.000000,adult,071A,071A,X,3,,true,071A,
dataset/raw_audio/AudioCropped/3Y-071A-X-07.wav,data/meowagenet/official-3d02295bef15/AudioCropped/3Y-071A-X-07.wav,3Y-071A-X-07.wav,1c76ed32e84305d55d3446c8c99996d603bad4f0,097fb82cc3400f69b8a003aa401f3165855aaf22b06a36cdfda309e30fdbc64c,63116,44100,1,16,0.713900,3Y,3.000000,adult,071A,071A,X,3,,true,071A,
dataset/raw_audio/AudioCropped/3Y-071A-X-08.wav,data/meowagenet/official-3d02295bef15/AudioCropped/3Y-071A-X-08.wav,3Y-071A-X-08.wav,75a48baee5769eac7bb8b3894c4f3a3ebb4f331e,1fada2b9ae94ded2d5ed8870cd5a11918d5c121396829ef64a8db20ef4a2a110,72228,44100,1,16,0.817211,3Y,3.000000,adult,071A,071A,X,3,,true,071A,
dataset/raw_audio/AudioCropped/3Y-071A-X-09.wav,data/meowagenet/official-3d02295bef15/AudioCropped/3Y-071A-X-09.wav,3Y-071A-X-09.wav,7dd20563bdbbe1d88776d9a43aa7d6cb4face04a,4b10d1483073502f29dd469c2337d6bbe07f67c03ac4f7dbc941890376256498,78028,44100,1,16,0.882971,3Y,3.000000,adult,071A,071A,X,3,,true,071A,
dataset/raw_audio/AudioCropped/3Y-072A-X-01.wav,data/meowagenet/official-3d02295bef15/AudioCropped/3Y-072A-X-01.wav,3Y-072A-X-01.wav,7179c78b0e75678017533381f7375ad100255a69,dfa69622ced1d38dc05a0cb49b18172154b842e8dfa119579e614e9920ac8e68,28780,48000,1,16,0.297187,3Y,3.000000,adult,072A,072A,X,3,,true,072A,
dataset/raw_audio/AudioCropped/3Y-072A-X-02.wav,data/meowagenet/official-3d02295bef15/AudioCropped/3Y-072A-X-02.wav,3Y-072A-X-02.wav,466d831985bfd390e9622051362b02f1b92cbb75,c17ffb058a8ce2680a2fccc8f7b94d51876b6700aad38516dcc725bb62ca23aa,82418,48000,1,16,0.855917,3Y,3.000000,adult,072A,072A,X,3,,true,072A,
dataset/raw_audio/AudioCropped/3Y-072A-X-03.wav,data/meowagenet/official-3d02295bef15/AudioCropped/3Y-072A-X-03.wav,3Y-072A-X-03.wav,fdd5975382efa19b912079e6f908f05b7d062bae,5aee405b9d78025dab33f6e190de2051fcfd3cd6aef731817894babed904c315,41334,48000,1,16,0.427958,3Y,3.000000,adult,072A,072A,X,3,,true,072A,
dataset/raw_audio/AudioCropped/3Y-072A-X-04.wav,data/meowagenet/official-3d02295bef15/AudioCropped/3Y-072A-X-04.wav,3Y-072A-X-04.wav,450c2a64a9c5eb679c9087655a8ba4c5d5ec61bd,0e591f7423a6c069df4d445d774c5f9913bc9b451d95c7c572b162dd5632d14f,71004,48000,1,16,0.737021,3Y,3.000000,adult,072A,072A,X,3,,true,072A,
dataset/raw_audio/AudioCropped/3Y-072A-X-05.wav,data/meowagenet/official-3d02295bef15/AudioCropped/3Y-072A-X-05.wav,3Y-072A-X-05.wav,fb33e5bc3f0596348f9bd1d81def23619b2c9e86,bde40e516f7b7b85a7dc0e5065727d7bc426b7311856a4cfc3a82d433432c275,39052,48000,1,16,0.404187,3Y,3.000000,adult,072A,072A,X,3,,true,072A,
dataset/raw_audio/AudioCropped/3Y-072A-X-06.wav,data/meowagenet/official-3d02295bef15/AudioCropped/3Y-072A-X-06.wav,3Y-072A-X-06.wav,1226deddf8dd0740b160229e513ab5ac9649ca2b,57c0a7f91a15472ad2c98232599c7ea1f18ec2e99c68112047cc373a109413e3,75570,48000,1,16,0.784583,3Y,3.000000,adult,072A,072A,X,3,,true,072A,
dataset/raw_audio/AudioCropped/3Y-072A-X-07.wav,data/meowagenet/official-3d02295bef15/AudioCropped/3Y-072A-X-07.wav,3Y-072A-X-07.wav,62a82acc2917f38cbc09182651a6eaebec09a50b,c387c7fd16c988f9ea24aa3654a603962731dbb2661feea2846c5dd69329496a,86982,48000,1,16,0.903458,3Y,3.000000,adult,072A,072A,X,3,,true,072A,
dataset/raw_audio/AudioCropped/3Y-072A-X-08.wav,data/meowagenet/official-3d02295bef15/AudioCropped/3Y-072A-X-08.wav,3Y-072A-X-08.wav,4d43525eb4262587ee652d7feaeaaf53beaa29a4,57df7816d532fc3a2f3d88cc232f6eb3c3cf78e2ef47baf661349091f3ccac7e,42476,48000,1,16,0.439854,3Y,3.000000,adult,072A,072A,X,3,,true,072A,
dataset/raw_audio/AudioCropped/3Y-072A-X-09.wav,data/meowagenet/official-3d02295bef15/AudioCropped/3Y-072A-X-09.wav,3Y-072A-X-09.wav,b0f3ebb93192ee3c03bd34384b49c24d64a41c17,7281bf0b0ef67c516215ee1d632dd300e9599c228cae7e4c26f2da4ac46ca162,36770,48000,1,16,0.380417,3Y,3.000000,adult,072A,072A,X,3,,true,072A,
dataset/raw_audio/AudioCropped/3Y-073A-X-01.wav,data/meowagenet/official-3d02295bef15/AudioCropped/3Y-073A-X-01.wav,3Y-073A-X-01.wav,8dcbb66d5b0b285f1af7c5d5e1bdbfc86bf3f665,5208c8f146962fed9315ba4c61bc708cd935cf5eeff7cab2a3c440094ad91e8b,129394,44100,2,16,0.732177,3Y,3.000000,adult,073A,073A,X,3,,true,073A,
dataset/raw_audio/AudioCropped/3Y-088A-M1-01.wav,data/meowagenet/official-3d02295bef15/AudioCropped/3Y-088A-M1-01.wav,3Y-088A-M1-01.wav,63fd7b26faccb50d236df11a074f5fd40e80aa03,a51e1761ca7a8bf99d49d4d92d0f7622c8ecb17bac60c17c87ab7e3ccafec2e9,72406,48000,1,16,0.753771,3Y,3.000000,adult,088A,088A,M,3,,true,088A,
dataset/raw_audio/AudioCropped/3Y-092A-M1.wav,data/meowagenet/official-3d02295bef15/AudioCropped/3Y-092A-M1.wav,3Y-092A-M1.wav,4faf6c96015d193c934d8b270d0595df9d2e3cb9,6500e9031dc9deec20f4705d8a2922132443996d4b0daab98ad20a1b6962bbfa,47020,48000,1,16,0.489333,3Y,3.000000,adult,092A,092A,M,3,,true,092A,
dataset/raw_audio/AudioCropped/3Y-105A-M2-AN.wav,data/meowagenet/official-3d02295bef15/AudioCropped/3Y-105A-M2-AN.wav,3Y-105A-M2-AN.wav,0ef735c517b2eb9eab118ebd07df778e3702cc5a,cdfda2c6ae1deda668c192ab58c12e4c4ef242676348220a99661de4cf97d7cb,48398,48000,1,16,0.503687,3Y,3.000000,adult,105A,105A,M,3,,true,105A,
dataset/raw_audio/AudioCropped/3Y-105A-M3-WO.wav,data/meowagenet/official-3d02295bef15/AudioCropped/3Y-105A-M3-WO.wav,3Y-105A-M3-WO.wav,7d1f98f4234ca458b1c0776ec0b0bc41fb1d13e5,693f27b742e0244f6960de93697fbd5df63842b179c9397ec41ffb1e861c8f34,102654,48000,1,16,1.068854,3Y,3.000000,adult,105A,105A,M,3,,true,105A,
dataset/raw_audio/AudioCropped/3Y-105A-M4-CA.wav,data/meowagenet/official-3d02295bef15/AudioCropped/3Y-105A-M4-CA.wav,3Y-105A-M4-CA.wav,a1eb9d8309e453c0a1252be8bfc3758108f0241a,46db042841a99f9062c43cd10192dba4a98257ac0cbeca073494d273eeaa4fc1,67920,48000,1,16,0.707042,3Y,3.000000,adult,105A,105A,M,3,,true,105A,
dataset/raw_audio/AudioCropped/4Y-004A-F1-01.wav,data/meowagenet/official-3d02295bef15/AudioCropped/4Y-004A-F1-01.wav,4Y-004A-F1-01.wav,fe8c152e4724475ee8f12b10c34d7698fcab5a75,c14dbbc5c1cc16685d4856b0e7eff270be34c9c4df8561dfb8a3d0132dc7467e,50226,48000,1,16,0.522729,4Y,4.000000,adult,004A,004A,F,4,,true,004A,
dataset/raw_audio/AudioCropped/4Y-019B-X1-01.wav,data/meowagenet/official-3d02295bef15/AudioCropped/4Y-019B-X1-01.wav,4Y-019B-X1-01.wav,9d19e92de3a378723ab7c4249e14912e1df799d0,e9a750634ae57714b4ff004cab7c4bbf36cabf8ab0b126020d99f0463843c97a,59752,48000,1,16,0.621958,4Y,4.000000,adult,019B,019B,X,4,,true,019B,
dataset/raw_audio/AudioCropped/4Y-023A-M2-01.wav,data/meowagenet/official-3d02295bef15/AudioCropped/4Y-023A-M2-01.wav,4Y-023A-M2-01.wav,8d3a38710e2d3558970773a9edeb3edd9023b735,964bf83d2ccf3fa75d837b3599249b59e6e909c497f6729ffd53f1fee600cbfe,18868,48000,1,16,0.195062,4Y,4.000000,adult,023A,023A,M,4,,true,023A,
dataset/raw_audio/AudioCropped/4Y-023A-M2-02.wav,data/meowagenet/official-3d02295bef15/AudioCropped/4Y-023A-M2-02.wav,4Y-023A-M2-02.wav,94d5995a8c610028f978537a468e82a5c41795af,023a84ab3635cca6628c25c1737093b579630615465ebd3fa523c53876e41bd6,22396,48000,1,16,0.231813,4Y,4.000000,adult,023A,023A,M,4,,true,023A,
dataset/raw_audio/AudioCropped/4Y-023A-M2-03.wav,data/meowagenet/official-3d02295bef15/AudioCropped/4Y-023A-M2-03.wav,4Y-023A-M2-03.wav,44b2988b113638e91c79ad7139076c3b28d2551c,b03523d77b6e00510ef0be6ded9cdde5b9c604c5cebf69bb92378011526052a3,63470,48000,1,16,0.659667,4Y,4.000000,adult,023A,023A,M,4,,true,023A,
dataset/raw_audio/AudioCropped/4Y-023A-M2-04.wav,data/meowagenet/official-3d02295bef15/AudioCropped/4Y-023A-M2-04.wav,4Y-023A-M2-04.wav,b7de737c39f01cbb0b2548df932047faf563d515,9da30e8c4de55ea8d710fa6623f5e9048bc41f3d71e54f28cf8ea4e5b322ab9f,60210,48000,1,16,0.625708,4Y,4.000000,adult,023A,023A,M,4,,true,023A,
dataset/raw_audio/AudioCropped/4Y-023A-M2-05.wav,data/meowagenet/official-3d02295bef15/AudioCropped/4Y-023A-M2-05.wav,4Y-023A-M2-05.wav,58c752d644500c87b51cf9636a398b90e9b4dbb6,2d908ff4ece4d5fc05972378d25d5a64998f6fde091aa5959a9455c9cfecf942,48290,48000,1,16,0.501542,4Y,4.000000,adult,023A,023A,M,4,,true,023A,
dataset/raw_audio/AudioCropped/4Y-023A-M2-06.wav,data/meowagenet/official-3d02295bef15/AudioCropped/4Y-023A-M2-06.wav,4Y-023A-M2-06.wav,0490f874ad62921abe354ca9a23d8dae689d55e5,d5f3b46251e86391784ac27624049a44dacbc4a3cadbd8afe253d8719319ea90,65512,48000,1,16,0.680937,4Y,4.000000,adult,023A,023A,M,4,,true,023A,
dataset/raw_audio/AudioCropped/4Y-027A-M1-01.wav,data/meowagenet/official-3d02295bef15/AudioCropped/4Y-027A-M1-01.wav,4Y-027A-M1-01.wav,3daff7b174b3c222f49a1cd80a7cff0dbbf97734,786171df5a6a8b82f4a967b114f8b9caac7c7f9776f404610afdf71948fdb6bf,79868,48000,1,16,0.830521,4Y,4.000000,adult,027A,027A,M,4,,true,027A,
dataset/raw_audio/AudioCropped/4Y-027A-M1-02.wav,data/meowagenet/official-3d02295bef15/AudioCropped/4Y-027A-M1-02.wav,4Y-027A-M1-02.wav,c58f49ef1daa46e62c76686c11a46edc6bb6662e,3f95c40996d803463c454362149448059af940af2fda63e3a70add3eb60ca3fd,19132,48000,1,16,0.197854,4Y,4.000000,adult,027A,027A,M,4,,true,027A,
dataset/raw_audio/AudioCropped/4Y-027A-M1-03.wav,data/meowagenet/official-3d02295bef15/AudioCropped/4Y-027A-M1-03.wav,4Y-027A-M1-03.wav,d60907b58915268a9a308d9ef93e3c60dbb8ea59,3776b0a9e8c6c9b09e6ace37b29154ae62de9a27a81181d641346a58ac9974aa,34210,48000,1,16,0.354917,4Y,4.000000,adult,027A,027A,M,4,,true,027A,
dataset/raw_audio/AudioCropped/4Y-027A-M1-04.wav,data/meowagenet/official-3d02295bef15/AudioCropped/4Y-027A-M1-04.wav,4Y-027A-M1-04.wav,b06010ef249c8a605351ee674feb47cb34d6a6d1,5533725de0c1fbbf9ac3a47ca46e9ce8eb73b3441c133522043e59f0fe305ac6,28296,48000,1,16,0.293312,4Y,4.000000,adult,027A,027A,M,4,,true,027A,
dataset/raw_audio/AudioCropped/4Y-027A-M1-05.wav,data/meowagenet/official-3d02295bef15/AudioCropped/4Y-027A-M1-05.wav,4Y-027A-M1-05.wav,1bcc9d50968daa94d49880c67e9c9092f12522b0,f0038f77e44d1f9ec9dded95ff6e0a75bf6d138b8078b5c807d4e7da8b4b60a8,57464,48000,1,16,0.597146,4Y,4.000000,adult,027A,027A,M,4,,true,027A,
dataset/raw_audio/AudioCropped/4Y-027A-M1-06.wav,data/meowagenet/official-3d02295bef15/AudioCropped/4Y-027A-M1-06.wav,4Y-027A-M1-06.wav,118b2114e624eb4996db7784b7e98e06491b1a78,29de1ba17d3a4ef52392b42f7fdf28560e5a74eea19621bf4ac82593ce8d8cf2,33496,48000,1,16,0.347479,4Y,4.000000,adult,027A,027A,M,4,,true,027A,
dataset/raw_audio/AudioCropped/4Y-027A-M1-07.wav,data/meowagenet/official-3d02295bef15/AudioCropped/4Y-027A-M1-07.wav,4Y-027A-M1-07.wav,05493741022da49169398675410c64ef4661750b,f9100ab3ef7c418b488316f42093d5fb254c6355d513a4a189cca7d27a468540,33026,48000,1,16,0.342583,4Y,4.000000,adult,027A,027A,M,4,,true,027A,
dataset/raw_audio/AudioCropped/4Y-032A-X-01.wav,data/meowagenet/official-3d02295bef15/AudioCropped/4Y-032A-X-01.wav,4Y-032A-X-01.wav,1cd1ca3625ecf9013cb3e728defc14fd9361637f,f2c2d5aa05fec95d69353ffba0206cdc22cf6c12a0f54c44c7842db85beceaa9,76880,44100,1,16,0.869683,4Y,4.000000,adult,032A,032A,X,4,,true,032A,
dataset/raw_audio/AudioCropped/4Y-032A-X-02.wav,data/meowagenet/official-3d02295bef15/AudioCropped/4Y-032A-X-02.wav,4Y-032A-X-02.wav,943593e5132bc7dd4ce087484530f096634f0fc7,4cb051e2811eb5050664097284d9cdb66106efcb82957adbfd0bc36078ac101c,70208,44100,1,16,0.794036,4Y,4.000000,adult,032A,032A,X,4,,true,032A,
dataset/raw_audio/AudioCropped/4Y-074A-M-01.wav,data/meowagenet/official-3d02295bef15/AudioCropped/4Y-074A-M-01.wav,4Y-074A-M-01.wav,346427e3abb74b801c98c42e059b00cc21d62d20,e0546eca55c01d1dfb08be3f6840aef1a47d155864c4cf444a493d72ec14a547,128012,48000,1,16,1.331354,4Y,4.000000,adult,074A,074A,M,4,,true,074A,
dataset/raw_audio/AudioCropped/4Y-074A-M-02.wav,data/meowagenet/official-3d02295bef15/AudioCropped/4Y-074A-M-02.wav,4Y-074A-M-02.wav,8665d0e1e781dea106e1045a8a91091b904a9c62,57bd59bb3842ed59276ce2389592bb5df9d2bd00e72e49e446bef443e5b4f026,98844,48000,1,16,1.027521,4Y,4.000000,adult,074A,074A,M,4,,true,074A,
dataset/raw_audio/AudioCropped/4Y-074A-M-03.wav,data/meowagenet/official-3d02295bef15/AudioCropped/4Y-074A-M-03.wav,4Y-074A-M-03.wav,c6508fa0d0fa85dcd12f7d51b840141def03f2c8,2e0243f0b2b0d71d62aca117afadfefe219e1616621263ae77c5b00f98e50f3e,55838,48000,1,16,0.579542,4Y,4.000000,adult,074A,074A,M,4,,true,074A,
dataset/raw_audio/AudioCropped/4Y-074A-M-04.wav,data/meowagenet/official-3d02295bef15/AudioCropped/4Y-074A-M-04.wav,4Y-074A-M-04.wav,006dffd3af400d1d421aa4861304cff64145dc2c,b8f83138402bb9f5d053d1d4571c1dfeee87d5c9e431cf9c5bc2be616bdda215,54634,48000,1,16,0.567000,4Y,4.000000,adult,074A,074A,M,4,,true,074A,
dataset/raw_audio/AudioCropped/4Y-074A-M-05.wav,data/meowagenet/official-3d02295bef15/AudioCropped/4Y-074A-M-05.wav,4Y-074A-M-05.wav,207ae2a26f121cb95d44239cf1eb6a076de385c7,78ec536dcf1346599fce810f7464038452709486be05f8f29b3afc3fbfea26b9,79896,48000,1,16,0.830146,4Y,4.000000,adult,074A,074A,M,4,,true,074A,
dataset/raw_audio/AudioCropped/4Y-074A-M-06.wav,data/meowagenet/official-3d02295bef15/AudioCropped/4Y-074A-M-06.wav,4Y-074A-M-06.wav,e28b23f3639d92117272dfc72d0d34cc0a547853,8a3836144dbd83d167ae920ab33ff3f87c428257f0de790ed25ad1bd73436c56,87414,48000,1,16,0.908458,4Y,4.000000,adult,074A,074A,M,4,,true,074A,
dataset/raw_audio/AudioCropped/4Y-074A-M-07.wav,data/meowagenet/official-3d02295bef15/AudioCropped/4Y-074A-M-07.wav,4Y-074A-M-07.wav,39622df406b5e3b9d2ec6a70f2a1ab0ce5f7eb79,761a99800faef0f56ccc1eaef8b3ec1cc50791e90f94a8f4b71a5a2a2a176f42,169514,48000,1,16,1.763667,4Y,4.000000,adult,074A,074A,M,4,,true,074A,
dataset/raw_audio/AudioCropped/4Y-074A-M-08.wav,data/meowagenet/official-3d02295bef15/AudioCropped/4Y-074A-M-08.wav,4Y-074A-M-08.wav,ed10078324e82a232c46b386c2999a2000c4af53,3ed361505c42f0694c5cab9c9eb8d79e446d9baaa90fdc7ebba8d6f8d7305834,52228,48000,1,16,0.541937,4Y,4.000000,adult,074A,074A,M,4,,true,074A,
dataset/raw_audio/AudioCropped/4Y-074A-M-09.wav,data/meowagenet/official-3d02295bef15/AudioCropped/4Y-074A-M-09.wav,4Y-074A-M-09.wav,7b5a14c505380de4e8bfcb2a2c4f4fb844a7d0dc,0eb0f38f289d049c0493fc98d37a0b28518f4393ca2e2f3256ed1f12f8a06427,26054,48000,1,16,0.269292,4Y,4.000000,adult,074A,074A,M,4,,true,074A,
dataset/raw_audio/AudioCropped/4Y-074A-M-10.wav,data/meowagenet/official-3d02295bef15/AudioCropped/4Y-074A-M-10.wav,4Y-074A-M-10.wav,06a18e91eaf569286ddd783b01d190eb4f38e9cd,3e01b8cd4b276b82491f026c5cb1249b8c5e6df9f04f080e6b43f0ecf0f031da,82304,48000,1,16,0.855208,4Y,4.000000,adult,074A,074A,M,4,,true,074A,
dataset/raw_audio/AudioCropped/4Y-074A-M-11.wav,data/meowagenet/official-3d02295bef15/AudioCropped/4Y-074A-M-11.wav,4Y-074A-M-11.wav,f50d4569de657787a88ee049194c5759e7a2afb3,70f3b666a10239852524ed7a93baa4c778826b425eb382155f48a1a620f5ca7d,128916,48000,1,16,1.340750,4Y,4.000000,adult,074A,074A,M,4,,true,074A,
dataset/raw_audio/AudioCropped/4Y-074A-M-12.wav,data/meowagenet/official-3d02295bef15/AudioCropped/4Y-074A-M-12.wav,4Y-074A-M-12.wav,ffdb5810d1bfc036e09d62e2b06e1303174d3520,d300cb4e9db8cd8c9a7f0145b68cf1054bd5fec3d06394cff23e304534931e8e,165608,48000,1,16,1.722958,4Y,4.000000,adult,074A,074A,M,4,,true,074A,
dataset/raw_audio/AudioCropped/4Y-074A-M-13.wav,data/meowagenet/official-3d02295bef15/AudioCropped/4Y-074A-M-13.wav,4Y-074A-M-13.wav,6b260c295e9f639a3e6e981a2d59f7a58d7299b1,212f1a7e0fc6758a42049f81e35863da534e50c0ed4b57953331e54c366a0637,122904,48000,1,16,1.278125,4Y,4.000000,adult,074A,074A,M,4,,true,074A,
dataset/raw_audio/AudioCropped/4Y-074A-M-14.wav,data/meowagenet/official-3d02295bef15/AudioCropped/4Y-074A-M-14.wav,4Y-074A-M-14.wav,f4a54ac55b20d050caa50250dd852c1d5844b1c0,da58a928f7628f7927c20dc39f6e3b9a5da01dd39922399a8e0b4468248a88e9,84710,48000,1,16,0.880271,4Y,4.000000,adult,074A,074A,M,4,,true,074A,
dataset/raw_audio/AudioCropped/4Y-074A-M-15.wav,data/meowagenet/official-3d02295bef15/AudioCropped/4Y-074A-M-15.wav,4Y-074A-M-15.wav,cb730493040f9c59f5c8b721d117bfc37ddc6948,a21f6bf4a5931a6ea235829834149867b24324f944224a9ac5e319f6d04d31c7,109370,48000,1,16,1.137146,4Y,4.000000,adult,074A,074A,M,4,,true,074A,
dataset/raw_audio/AudioCropped/4Y-074A-M-16.wav,data/meowagenet/official-3d02295bef15/AudioCropped/4Y-074A-M-16.wav,4Y-074A-M-16.wav,09baa68b33df71ebfe9fc69f3d283a968dda8765,ddc243857d066bc19cededf9e3360f4259e1796edefd2b1932df4a62b614a657,74786,48000,1,16,0.776896,4Y,4.000000,adult,074A,074A,M,4,,true,074A,
dataset/raw_audio/AudioCropped/5.25Y-099A-F1-NC-01.wav,data/meowagenet/official-3d02295bef15/AudioCropped/5.25Y-099A-F1-NC-01.wav,5.25Y-099A-F1-NC-01.wav,5288c919931577dfdb5448e665c10616f91dd28b,1303437c35ece8dd1c9823015f1a70799c9c3d79168630d5e5a8efebfaa2c698,89232,48000,1,16,0.926729,5.25Y,5.250000,adult,099A,099A,F,5.25,,true,099A,
dataset/raw_audio/AudioCropped/5.25Y-099A-F1-NC-02.wav,data/meowagenet/official-3d02295bef15/AudioCropped/5.25Y-099A-F1-NC-02.wav,5.25Y-099A-F1-NC-02.wav,0538d82ba9bc2b3f65650647e3d283b48e2017d4,1b8c42464aa10d80d911f42de587f44f891419c2a163487d5bec85cabfdc2595,63682,48000,1,16,0.660583,5.25Y,5.250000,adult,099A,099A,F,5.25,,true,099A,
dataset/raw_audio/AudioCropped/5.25Y-099A-F1-NC-03.wav,data/meowagenet/official-3d02295bef15/AudioCropped/5.25Y-099A-F1-NC-03.wav,5.25Y-099A-F1-NC-03.wav,821c569a8e0b7f862495838544900fe707c58efc,05b9e5157724e2946082b0a796160d183966a5aef639e27ff727e394ec3ddcf4,91192,48000,1,16,0.947146,5.25Y,5.250000,adult,099A,099A,F,5.25,,true,099A,
dataset/raw_audio/AudioCropped/5.25Y-099A-F1-NC-04.wav,data/meowagenet/official-3d02295bef15/AudioCropped/5.25Y-099A-F1-NC-04.wav,5.25Y-099A-F1-NC-04.wav,8f155c2f9deeb8c281e4ecf6d1e360360e297c12,bfa7954a4e0f72300d5e46abeab441e203f0b5de514a39e519ec0c7f7ca8048f,110270,48000,1,16,1.145875,5.25Y,5.250000,adult,099A,099A,F,5.25,,true,099A,
dataset/raw_audio/AudioCropped/5.25Y-099A-F1-NC-05.wav,data/meowagenet/official-3d02295bef15/AudioCropped/5.25Y-099A-F1-NC-05.wav,5.25Y-099A-F1-NC-05.wav,09c6ad393d6e273e5ab798e0d5a70ac84b4c6b96,95d57d5b2e2af4831bc4f954a0adbc2269dcf3377f9682b9f246e1f3b589f253,92004,48000,1,16,0.955604,5.25Y,5.250000,adult,099A,099A,F,5.25,,true,099A,
dataset/raw_audio/AudioCropped/5.25Y-099A-F1-NC-06.wav,data/meowagenet/official-3d02295bef15/AudioCropped/5.25Y-099A-F1-NC-06.wav,5.25Y-099A-F1-NC-06.wav,f0855b721406af2571306f0402cf883807f46bd9,f0848723bc8222c564c1c797f2d5206eefa4f82768eec630cc226077e9d71e80,77662,48000,1,16,0.806208,5.25Y,5.250000,adult,099A,099A,F,5.25,,true,099A,
dataset/raw_audio/AudioCropped/5Y-000A-F1-01.wav,data/meowagenet/official-3d02295bef15/AudioCropped/5Y-000A-F1-01.wav,5Y-000A-F1-01.wav,6603fb369ada4de5d53be72b7f5bb259171f671f,7ccb6690eeb2899e0a8a9164612ab873c3dd4e98fb3b16dd6104979e3b089782,45564,48000,1,16,0.473187,5Y,5.000000,adult,000A,000A,F,5,,true,000A,
dataset/raw_audio/AudioCropped/5Y-000A-F1-02.wav,data/meowagenet/official-3d02295bef15/AudioCropped/5Y-000A-F1-02.wav,5Y-000A-F1-02.wav,a806e7f0e3a4e4fb79d685d0d285b14a65b95232,dc6abba7b07ab7ad9ddcf60c848f543819044b5d4dce3942f7b00935a23bab84,25244,48000,1,16,0.261521,5Y,5.000000,adult,000A,000A,F,5,,true,000A,
dataset/raw_audio/AudioCropped/5Y-000A-F1-03.wav,data/meowagenet/official-3d02295bef15/AudioCropped/5Y-000A-F1-03.wav,5Y-000A-F1-03.wav,7d3112d41e8360223e188b003190c128f5ff300c,7f94be297ccdc648a14c3f036f51f5ef422886a6958b5104506201bf70a9d77f,46312,48000,1,16,0.480979,5Y,5.000000,adult,000A,000A,F,5,,true,000A,
dataset/raw_audio/AudioCropped/5Y-000A-F1-04.wav,data/meowagenet/official-3d02295bef15/AudioCropped/5Y-000A-F1-04.wav,5Y-000A-F1-04.wav,7ef2e072648793502fed582078dcd3bc884b5742,c880a9cd4c9a0184264ecbe6f0f4d70d07c09a238a748216a616c75fd5389489,54674,48000,1,16,0.568083,5Y,5.000000,adult,000A,000A,F,5,,true,000A,
dataset/raw_audio/AudioCropped/5Y-000A-F1-05.wav,data/meowagenet/official-3d02295bef15/AudioCropped/5Y-000A-F1-05.wav,5Y-000A-F1-05.wav,567644efdc6ef5d91da353c86231d2ab5830d400,b4d07ecc45c43be21fef215aa0f084356a9db5e361f416fb2240e5c776101556,32798,48000,1,16,0.340208,5Y,5.000000,adult,000A,000A,F,5,,true,000A,
dataset/raw_audio/AudioCropped/5Y-000A-F1-06.wav,data/meowagenet/official-3d02295bef15/AudioCropped/5Y-000A-F1-06.wav,5Y-000A-F1-06.wav,0c4c3837cf1e54ee2b890aea5da37f3a5bc4b427,3b79d2aadf8def575e21d8f683082703f4e19ae1d791d2e150247050e224a4d3,44336,48000,1,16,0.460396,5Y,5.000000,adult,000A,000A,F,5,,true,000A,
dataset/raw_audio/AudioCropped/5Y-000A-F1-07.wav,data/meowagenet/official-3d02295bef15/AudioCropped/5Y-000A-F1-07.wav,5Y-000A-F1-07.wav,a8f4cd0f8a2ee81175d0e86a0b37a56ffd2cdf5e,e8cbd9b471b901ad51ca5682a826c7a919aa139d5c3f2b97de96ed32472a8863,40146,48000,1,16,0.416750,5Y,5.000000,adult,000A,000A,F,5,,true,000A,
dataset/raw_audio/AudioCropped/5Y-000A-F10-CA-01.wav,data/meowagenet/official-3d02295bef15/AudioCropped/5Y-000A-F10-CA-01.wav,5Y-000A-F10-CA-01.wav,5820d11a240826254f4bdb5eeacad0c17d62afbf,2315f4a6cf9dd66b26f9f7ee00537b512e28d7e0e3dd9cb0c1ffd69b6ddeff54,57610,48000,1,16,0.598667,5Y,5.000000,adult,000A,000A,F,5,,true,000A,
dataset/raw_audio/AudioCropped/5Y-000A-F10-CA-02.wav,data/meowagenet/official-3d02295bef15/AudioCropped/5Y-000A-F10-CA-02.wav,5Y-000A-F10-CA-02.wav,f3706bf08d64109330785a6b19a35832ecfeba93,fe6ecb4f0c8564671c6d0a2c97cf1e33332dc344f3018ff18f4f3fbc13964176,67696,48000,1,16,0.703729,5Y,5.000000,adult,000A,000A,F,5,,true,000A,
dataset/raw_audio/AudioCropped/5Y-000A-F10-CA-03.wav,data/meowagenet/official-3d02295bef15/AudioCropped/5Y-000A-F10-CA-03.wav,5Y-000A-F10-CA-03.wav,03441ef767d30419f77b055da6df1dd0af9cc6cd,39d91bf21996f1415048625ba649571857065f7587a792cb6d84a7d714d5ab10,63510,48000,1,16,0.660125,5Y,5.000000,adult,000A,000A,F,5,,true,000A,
dataset/raw_audio/AudioCropped/5Y-000A-F11-01.wav,data/meowagenet/official-3d02295bef15/AudioCropped/5Y-000A-F11-01.wav,5Y-000A-F11-01.wav,1d71cf7392620e06daa3f6bf96ee3f3f1e4c509f,5f53c38f9f05cc10ad46944c9d827bdaa668bda6af5fcf0018313f95a411b4e7,46920,48000,1,16,0.488292,5Y,5.000000,adult,000A,000A,F,5,,true,000A,
dataset/raw_audio/AudioCropped/5Y-000A-F2-01.wav,data/meowagenet/official-3d02295bef15/AudioCropped/5Y-000A-F2-01.wav,5Y-000A-F2-01.wav,380433a4f707ac27aaca7d57d5335443a5b17e6b,0fe741fe2755b8a5ac3f530ddae9a6f1c1a5fc2fa57fa75bc6ece6c19d38357c,54378,48000,1,16,0.565979,5Y,5.000000,adult,000A,000A,F,5,,true,000A,
dataset/raw_audio/AudioCropped/5Y-000A-F3-01.wav,data/meowagenet/official-3d02295bef15/AudioCropped/5Y-000A-F3-01.wav,5Y-000A-F3-01.wav,fc3fff9cae95b7bd441480a57ceae3335d1b58ae,6d04376026ee09c6269f58d361d744842be96cd0bc95b33a6e92ccc0df14c176,79064,48000,1,16,0.822146,5Y,5.000000,adult,000A,000A,F,5,,true,000A,
dataset/raw_audio/AudioCropped/5Y-000A-F3-02.wav,data/meowagenet/official-3d02295bef15/AudioCropped/5Y-000A-F3-02.wav,5Y-000A-F3-02.wav,3847d9f29691ff28a2438ff8e5831d024370d384,5ee482b14a05e8da749556bd4933adabcdedc209423605d051a9b8effe9f991d,73294,48000,1,16,0.762042,5Y,5.000000,adult,000A,000A,F,5,,true,000A,
dataset/raw_audio/AudioCropped/5Y-000A-F4-01.wav,data/meowagenet/official-3d02295bef15/AudioCropped/5Y-000A-F4-01.wav,5Y-000A-F4-01.wav,741ab6329891207f139a08a633d56fda8a2d6153,a421a9b6ea2adef55ecb0962759b35f3db41969ad80e6fd799085b4f1d5af383,59306,48000,1,16,0.616333,5Y,5.000000,adult,000A,000A,F,5,,true,000A,
dataset/raw_audio/AudioCropped/5Y-000A-F4-02.wav,data/meowagenet/official-3d02295bef15/AudioCropped/5Y-000A-F4-02.wav,5Y-000A-F4-02.wav,1debe774af2b1feabe0fd505aa9cef33f5b37d58,b96271896f75434ddd8a95ec844b0923e90e7d1f7989b5bedbbe2cb8b769e454,48520,48000,1,16,0.503979,5Y,5.000000,adult,000A,000A,F,5,,true,000A,
dataset/raw_audio/AudioCropped/5Y-000A-F4-03.wav,data/meowagenet/official-3d02295bef15/AudioCropped/5Y-000A-F4-03.wav,5Y-000A-F4-03.wav,96552c3c0f670362d9c432d355fc8cc09852de0a,cb5398201a337705b8c74a2eb024b419a2f231d898af59519754d031bf73d33f,56136,48000,1,16,0.583313,5Y,5.000000,adult,000A,000A,F,5,,true,000A,
dataset/raw_audio/AudioCropped/5Y-000A-F4-04.wav,data/meowagenet/official-3d02295bef15/AudioCropped/5Y-000A-F4-04.wav,5Y-000A-F4-04.wav,984361b4190a6ff60ae0d3615a40f1bf07db61b9,5dd9fd67c0985044c6b94d04519988f35c045763168ff9010d9b2a73e243b6d5,64174,48000,1,16,0.667042,5Y,5.000000,adult,000A,000A,F,5,,true,000A,
dataset/raw_audio/AudioCropped/5Y-000A-F4-05.wav,data/meowagenet/official-3d02295bef15/AudioCropped/5Y-000A-F4-05.wav,5Y-000A-F4-05.wav,9c28b7d8a885e76561658ae68f6b52e0e089ebac,d2aa4ff0bc0b43b67223c71a1c6ddc6ae60d417a6b021a7c88b2bd77f6f87a16,73094,48000,1,16,0.759958,5Y,5.000000,adult,000A,000A,F,5,,true,000A,
dataset/raw_audio/AudioCropped/5Y-000A-F4-06.wav,data/meowagenet/official-3d02295bef15/AudioCropped/5Y-000A-F4-06.wav,5Y-000A-F4-06.wav,7c1abaab3def970fd3697fee7b49f11cfd917756,53b4c920f5c070a26445cfa2396710e4426b337070a5f3c7fece7c560b076dcb,67476,48000,1,16,0.701438,5Y,5.000000,adult,000A,000A,F,5,,true,000A,
dataset/raw_audio/AudioCropped/5Y-000A-F4-07.wav,data/meowagenet/official-3d02295bef15/AudioCropped/5Y-000A-F4-07.wav,5Y-000A-F4-07.wav,5b829d8fb0ee5f131275497dff323b768b9758b9,4c9aca85cd168dd35ab6e60d54b42db3dd213b77007d3614cd9bc71d2af54c3b,36256,48000,1,16,0.376229,5Y,5.000000,adult,000A,000A,F,5,,true,000A,
dataset/raw_audio/AudioCropped/5Y-000A-F5-01.wav,data/meowagenet/official-3d02295bef15/AudioCropped/5Y-000A-F5-01.wav,5Y-000A-F5-01.wav,135c3b709ea822aae87f5482180f94ec3baa2353,0301a2e6d8d99e4295661be932c31e5b731b80886b2b84cde4b76097d150a0bc,51704,48000,1,16,0.537146,5Y,5.000000,adult,000A,000A,F,5,,true,000A,
dataset/raw_audio/AudioCropped/5Y-000A-F5-02.wav,data/meowagenet/official-3d02295bef15/AudioCropped/5Y-000A-F5-02.wav,5Y-000A-F5-02.wav,44e51d5a997b2584d62d4c036654a1fb8d7aaafb,935345523e250c924ab455f5213ddcb218b7c78fc292bf401df8df6241b05a26,43062,48000,1,16,0.447125,5Y,5.000000,adult,000A,000A,F,5,,true,000A,
dataset/raw_audio/AudioCropped/5Y-000A-F6-01.wav,data/meowagenet/official-3d02295bef15/AudioCropped/5Y-000A-F6-01.wav,5Y-000A-F6-01.wav,713291cc3f141be7ab5cb2bdcc966922fdd4778e,696b8d4c6929075a19799d8e9034312cbf6ca4bde5933b9c8df0837221b35082,24682,48000,1,16,0.256646,5Y,5.000000,adult,000A,000A,F,5,,true,000A,
dataset/raw_audio/AudioCropped/5Y-000A-F7-01.wav,data/meowagenet/official-3d02295bef15/AudioCropped/5Y-000A-F7-01.wav,5Y-000A-F7-01.wav,22d71ed71a2a19d6f4962f8d926199301fc59571,2bb45a63b8d18cb37ca7954644e67d3e099ae819e3fff5ed49a71f955654d5bb,43632,48000,1,16,0.454042,5Y,5.000000,adult,000A,000A,F,5,,true,000A,
dataset/raw_audio/AudioCropped/5Y-000A-F8-01.wav,data/meowagenet/official-3d02295bef15/AudioCropped/5Y-000A-F8-01.wav,5Y-000A-F8-01.wav,6c5a24e93fc383312c264abdb5b4f6edbe77cc62,19fc46dc02fc81d88484ecb3129b2fffc239b2b39f7bfe45be44e7d3c4f2f19c,55266,48000,1,16,0.574167,5Y,5.000000,adult,000A,000A,F,5,,true,000A,
dataset/raw_audio/AudioCropped/5Y-000A-F8-02.wav,data/meowagenet/official-3d02295bef15/AudioCropped/5Y-000A-F8-02.wav,5Y-000A-F8-02.wav,b54f054d57abae979429113c9736d930b9ca04cf,4805aa5218d7dec1a0c727d5fa56264347573945433770b4292f33c39e3b1a43,58122,48000,1,16,0.603917,5Y,5.000000,adult,000A,000A,F,5,,true,000A,
dataset/raw_audio/AudioCropped/5Y-000A-F9-AF-03.wav,data/meowagenet/official-3d02295bef15/AudioCropped/5Y-000A-F9-AF-03.wav,5Y-000A-F9-AF-03.wav,38d07c1753b5c932b8fab98a5c5e3b9c306fba8d,f36229be0f96f2544e66b5cb189cef13f8f0cf826c47210a02eb8bee20c72998,43832,48000,1,16,0.454896,5Y,5.000000,adult,000A,000A,F,5,,true,000A,
dataset/raw_audio/AudioCropped/5Y-000A-F9-CA-01.wav,data/meowagenet/official-3d02295bef15/AudioCropped/5Y-000A-F9-CA-01.wav,5Y-000A-F9-CA-01.wav,5e21f8568fadf46a48ad492bf678b4647e3ccb57,c89e8dee60fd10d4cc517e93e2ea652880fae02ec3a4fbac202708b3ba824e65,69796,48000,1,16,0.725354,5Y,5.000000,adult,000A,000A,F,5,,true,000A,
dataset/raw_audio/AudioCropped/5Y-000A-F9-CA-02.wav,data/meowagenet/official-3d02295bef15/AudioCropped/5Y-000A-F9-CA-02.wav,5Y-000A-F9-CA-02.wav,9655caa6201522b13dfcfc24a152fc365d874dd0,fc96900598313753a402fc33358247f922aa0f26b8d63155cc3c245feef4b214,30500,48000,1,16,0.316021,5Y,5.000000,adult,000A,000A,F,5,,true,000A,
dataset/raw_audio/AudioCropped/5Y-000A-F9-HD-01.wav,data/meowagenet/official-3d02295bef15/AudioCropped/5Y-000A-F9-HD-01.wav,5Y-000A-F9-HD-01.wav,5ac2689ff63ec27ada71d5bcb03216deac65b34f,89741a5bb082aec476c4b55a48f8314a81bf3d741e49f367d4f95bc710eece49,62964,48000,1,16,0.653771,5Y,5.000000,adult,000A,000A,F,5,,true,000A,
dataset/raw_audio/AudioCropped/5Y-000A-F9-HD-02.wav,data/meowagenet/official-3d02295bef15/AudioCropped/5Y-000A-F9-HD-02.wav,5Y-000A-F9-HD-02.wav,72291c1a3168242ff82bb4c3f26ff7de68e1deac,34f9d0e2cf0980777e7acb59f7fbb13983504db33ac9dfe8e18c9c89962cacdc,60062,48000,1,16,0.623542,5Y,5.000000,adult,000A,000A,F,5,,true,000A,
dataset/raw_audio/AudioCropped/5Y-000A-F9-HD-03.wav,data/meowagenet/official-3d02295bef15/AudioCropped/5Y-000A-F9-HD-03.wav,5Y-000A-F9-HD-03.wav,41fb0868b488dbade759de1cd566ffb63440ce62,35da0f1895f59a9520e91c99f330c71c1b2608e53da184920cafceadac6a7e70,55372,48000,1,16,0.574688,5Y,5.000000,adult,000A,000A,F,5,,true,000A,
dataset/raw_audio/AudioCropped/5Y-000A-F9-HD-04.wav,data/meowagenet/official-3d02295bef15/AudioCropped/5Y-000A-F9-HD-04.wav,5Y-000A-F9-HD-04.wav,f630cc41fa8d6c4154af754c04707409f590af97,a427914b343697ec75088d553d53259f5908615e74ec2e245ebe522d0e5a9a74,63076,48000,1,16,0.654937,5Y,5.000000,adult,000A,000A,F,5,,true,000A,
dataset/raw_audio/AudioCropped/5Y-000A-F9-HD-05.wav,data/meowagenet/official-3d02295bef15/AudioCropped/5Y-000A-F9-HD-05.wav,5Y-000A-F9-HD-05.wav,37450468adc0e292f082ece4b11b1186cb5a620c,3bf505c5e0f72662af725ffadc25a6d255dfec02c7b59a7080c07a120d7eb420,36074,48000,1,16,0.373667,5Y,5.000000,adult,000A,000A,F,5,,true,000A,
dataset/raw_audio/AudioCropped/5Y-000A-F9-HD-06.wav,data/meowagenet/official-3d02295bef15/AudioCropped/5Y-000A-F9-HD-06.wav,5Y-000A-F9-HD-06.wav,d473e0fe82073cf72f04b12d099d0c1ea0201adf,11537239058f06563838e37be9d133889f4805cdfd5571deec1f3e86c591b96e,42150,48000,1,16,0.436958,5Y,5.000000,adult,000A,000A,F,5,,true,000A,
dataset/raw_audio/AudioCropped/5Y-000A-F9-HD-07.wav,data/meowagenet/official-3d02295bef15/AudioCropped/5Y-000A-F9-HD-07.wav,5Y-000A-F9-HD-07.wav,ff4238d5a8e3a635ec49fa1e62577711bf8b4177,cb44ba5ba7b6aeb6eb831b6305c6e5ebe0f4bed5642fa79051f8bf4f08681a1f,61184,48000,1,16,0.635229,5Y,5.000000,adult,000A,000A,F,5,,true,000A,
dataset/raw_audio/AudioCropped/5Y-000A-F9-HD-08.wav,data/meowagenet/official-3d02295bef15/AudioCropped/5Y-000A-F9-HD-08.wav,5Y-000A-F9-HD-08.wav,9e68f8a51fecad855f6374e7ffba0857b5831ffb,fd53ee4d29212ff951b9ebe3185cf085b84c115b8f9be0cc892ce61c3c5906d6,45012,48000,1,16,0.466771,5Y,5.000000,adult,000A,000A,F,5,,true,000A,
dataset/raw_audio/AudioCropped/5Y-000A-F9-HD-09.wav,data/meowagenet/official-3d02295bef15/AudioCropped/5Y-000A-F9-HD-09.wav,5Y-000A-F9-HD-09.wav,d1c0548d2279c39e60a2cd688b794b86fd5c205b,44dfd982e03665580ddfaca655befcecf6593f03061988a25e63b1391c1fc2f2,37792,48000,1,16,0.391562,5Y,5.000000,adult,000A,000A,F,5,,true,000A,
dataset/raw_audio/AudioCropped/5Y-000B-F10-CA-01.wav,data/meowagenet/official-3d02295bef15/AudioCropped/5Y-000B-F10-CA-01.wav,5Y-000B-F10-CA-01.wav,36269c2a1af4114ac2693fbabec8672a3dead726,a543b3039383ed8fd44616afb7333b6e5a9f10340743bb8600ee183d3cf2fca4,93956,48000,1,16,0.977271,5Y,5.000000,adult,000B,000B,F,5,,true,000B,same_cat_multiple_target_years
dataset/raw_audio/AudioCropped/5Y-096A-X.wav,data/meowagenet/official-3d02295bef15/AudioCropped/5Y-096A-X.wav,5Y-096A-X.wav,c483bdd4a405bef009e5ce6e5c3a04ddb15289bf,9e2b59ba0b269477483b67f9ff53af57e8b86bb20ff88be579ff722faf31df2a,91900,48000,1,16,0.956833,5Y,5.000000,adult,096A,096A,X,5,,true,096A,
dataset/raw_audio/AudioCropped/6Y-002A-F1-01.wav,data/meowagenet/official-3d02295bef15/AudioCropped/6Y-002A-F1-01.wav,6Y-002A-F1-01.wav,6eaf01ddf7bfdf351955a4d67b34bbff6a14cfa9,83c91fb08b3c112fbea03b6d0b3bb883279a3c7bca7503b586e3390917e7aaca,29902,48000,1,16,0.310042,6Y,6.000000,adult,002A,002A,F,6,,true,002A,
dataset/raw_audio/AudioCropped/6Y-002A-F1-02.wav,data/meowagenet/official-3d02295bef15/AudioCropped/6Y-002A-F1-02.wav,6Y-002A-F1-02.wav,3ab7f9be00df1394c2d279c810d369d967847bd9,dbb213b6a14a497d41902fdef864f5f9bf2a89b80cbe6e130559acfe773155b7,39642,48000,1,16,0.411500,6Y,6.000000,adult,002A,002A,F,6,,true,002A,
dataset/raw_audio/AudioCropped/6Y-002A-F2-01.wav,data/meowagenet/official-3d02295bef15/AudioCropped/6Y-002A-F2-01.wav,6Y-002A-F2-01.wav,b405c7ab51fbd42c331f745400f2ca1ff1b183ed,81b8ef63dbe5020ab22d14d75588a6852e5550454afc352c239dec5fad7ebe96,27784,48000,1,16,0.287979,6Y,6.000000,adult,002A,002A,F,6,,true,002A,
dataset/raw_audio/AudioCropped/6Y-002A-F2-02.wav,data/meowagenet/official-3d02295bef15/AudioCropped/6Y-002A-F2-02.wav,6Y-002A-F2-02.wav,c8500c363929bde4d70f934eb639299e480b6002,d6d78c0ed26292670f3ff6956249e0f1194e74da98b3d5d0af088d5406356dce,39868,48000,1,16,0.413854,6Y,6.000000,adult,002A,002A,F,6,,true,002A,
dataset/raw_audio/AudioCropped/6Y-002A-F3-01.wav,data/meowagenet/official-3d02295bef15/AudioCropped/6Y-002A-F3-01.wav,6Y-002A-F3-01.wav,3fda50cc6123398ab507b9d5f9122244c8cdb8cf,c5c8bfb1a08a1f8203d323f0f41f1446d1ebfaf621d60c5b04a43ae1f86b2325,75788,48000,1,16,0.788021,6Y,6.000000,adult,002A,002A,F,6,,true,002A,
dataset/raw_audio/AudioCropped/6Y-002A-F3-02.wav,data/meowagenet/official-3d02295bef15/AudioCropped/6Y-002A-F3-02.wav,6Y-002A-F3-02.wav,70836cefc04e0905df439d5b0d9dac303dd7769f,9b14d251f096ede7fd49ba574731167173d1bf3ac06343a2371625526b593608,76640,48000,1,16,0.796896,6Y,6.000000,adult,002A,002A,F,6,,true,002A,
dataset/raw_audio/AudioCropped/6Y-002A-F3-03.wav,data/meowagenet/official-3d02295bef15/AudioCropped/6Y-002A-F3-03.wav,6Y-002A-F3-03.wav,7341a4815cb4be0cf10799805cbabd3ca6e565c2,660393103f3a1540589e3674b7913de9c734e98b50f66f1bb0887cd769b69f9b,80458,48000,1,16,0.836667,6Y,6.000000,adult,002A,002A,F,6,,true,002A,
dataset/raw_audio/AudioCropped/6Y-002A-F3-04.wav,data/meowagenet/official-3d02295bef15/AudioCropped/6Y-002A-F3-04.wav,6Y-002A-F3-04.wav,9957828038dc5271293445872ac9d8a04a162b83,88e246a64001feff9ef3045d28cc6042647bb09519bb6045ac59eb0885b1294f,65210,48000,1,16,0.677833,6Y,6.000000,adult,002A,002A,F,6,,true,002A,
dataset/raw_audio/AudioCropped/6Y-002A-F3-05.wav,data/meowagenet/official-3d02295bef15/AudioCropped/6Y-002A-F3-05.wav,6Y-002A-F3-05.wav,5d1870b299683ccac0fc64f79050d6f648c874d7,6f7c0ecd8bb93eb2608cf8ec42f73ff87d6e148c777f98d18ba402496a473d6f,84946,48000,1,16,0.883417,6Y,6.000000,adult,002A,002A,F,6,,true,002A,
dataset/raw_audio/AudioCropped/6Y-002A-F3-06.wav,data/meowagenet/official-3d02295bef15/AudioCropped/6Y-002A-F3-06.wav,6Y-002A-F3-06.wav,3115f429395e718bc63c6c0f3bd7440888d44736,246174f01995e352e38a83f773aaf46ed4cbc9b579658be318a985c9d0dce751,74982,48000,1,16,0.779625,6Y,6.000000,adult,002A,002A,F,6,,true,002A,
dataset/raw_audio/AudioCropped/6Y-002A-F3-07.wav,data/meowagenet/official-3d02295bef15/AudioCropped/6Y-002A-F3-07.wav,6Y-002A-F3-07.wav,9e2486ac2a88bf21bae4da5c3489116c887670a8,72ec0c98097ea08f0aa2269e89294024c9ba591e0e549462533d9ccd34f5eaf6,70792,48000,1,16,0.735979,6Y,6.000000,adult,002A,002A,F,6,,true,002A,
dataset/raw_audio/AudioCropped/6Y-002A-F4-01.wav,data/meowagenet/official-3d02295bef15/AudioCropped/6Y-002A-F4-01.wav,6Y-002A-F4-01.wav,2000e026cdbc9dff88b77aaebb8595bb8404d057,1a44b83f739d4448432f85aae6c632933e4191d376d76e4c6436b6dfcb25d6c9,36708,48000,1,16,0.380937,6Y,6.000000,adult,002A,002A,F,6,,true,002A,
dataset/raw_audio/AudioCropped/6Y-002A-F4-02.wav,data/meowagenet/official-3d02295bef15/AudioCropped/6Y-002A-F4-02.wav,6Y-002A-F4-02.wav,067259f9a1da0b466cdc49e68f0b67153ec0c884,2bd2ffda8a15e2d9183d5e386393f196cd285bb6fb3fed320405eeee071b74bc,46384,48000,1,16,0.481729,6Y,6.000000,adult,002A,002A,F,6,,true,002A,
dataset/raw_audio/AudioCropped/6Y-002B-M1-01.wav,data/meowagenet/official-3d02295bef15/AudioCropped/6Y-002B-M1-01.wav,6Y-002B-M1-01.wav,ade5f221bdc5ce98cf84d5be6e920eae4cfedab6,fbe3871619bc3df7d73b8d03935a3542848b9877215c2e60ab0bcb6fe9177602,86836,48000,1,16,0.903104,6Y,6.000000,adult,002B,002B,M,6,,true,002B,
dataset/raw_audio/AudioCropped/6Y-002B-M1-02.wav,data/meowagenet/official-3d02295bef15/AudioCropped/6Y-002B-M1-02.wav,6Y-002B-M1-02.wav,7b9431df3821c50bbee28f45c2ad5099e7412a33,c86c0344fc854388ffeb910261c075e1a6f1e3c6472f0f2d8e89c3cb1e43a013,76522,48000,1,16,0.795667,6Y,6.000000,adult,002B,002B,M,6,,true,002B,
dataset/raw_audio/AudioCropped/6Y-002B-M1-03.wav,data/meowagenet/official-3d02295bef15/AudioCropped/6Y-002B-M1-03.wav,6Y-002B-M1-03.wav,976b6c2b3665851bf4ef977bd8327c8e37471b05,38d3ead2eda679f312cc984aed37f93fd8615fbfc127e7338974b0b00650c37c,86986,48000,1,16,0.904667,6Y,6.000000,adult,002B,002B,M,6,,true,002B,
dataset/raw_audio/AudioCropped/6Y-002B-M1-04.wav,data/meowagenet/official-3d02295bef15/AudioCropped/6Y-002B-M1-04.wav,6Y-002B-M1-04.wav,33b4969b8914cbdc08fa7e71ba44fb1f2c6a024d,28b2a9f90fdf7b4c66c9d28f1010006a722698f57b2d0cb9ba7f7e4673964c77,86642,48000,1,16,0.901083,6Y,6.000000,adult,002B,002B,M,6,,true,002B,
dataset/raw_audio/AudioCropped/6Y-002B-M1-05.wav,data/meowagenet/official-3d02295bef15/AudioCropped/6Y-002B-M1-05.wav,6Y-002B-M1-05.wav,c0d5e488272df0d854ee026e3e4596e31906a3e2,6768e24a67e8ba33c306492f571b8b0f51523d718f2c8a4638d847d90986c3bf,56998,48000,1,16,0.592292,6Y,6.000000,adult,002B,002B,M,6,,true,002B,
dataset/raw_audio/AudioCropped/6Y-002B-M2-01.wav,data/meowagenet/official-3d02295bef15/AudioCropped/6Y-002B-M2-01.wav,6Y-002B-M2-01.wav,513dc808c748e54c63ebddd3b0ad72d5fef1971e,bc00626bf570f745e42b0987a12e2aaec952c693b9c75300762cdb51d180a85a,87366,48000,1,16,0.908625,6Y,6.000000,adult,002B,002B,M,6,,true,002B,
dataset/raw_audio/AudioCropped/6Y-002B-M2-02.wav,data/meowagenet/official-3d02295bef15/AudioCropped/6Y-002B-M2-02.wav,6Y-002B-M2-02.wav,8b979df34d5c858e89e9b6d5c5dc0614f0881bb2,ca019405b0f5a3b88cbd50f5a24bf192467908767b34b38b03827af12fb64e2a,47418,48000,1,16,0.492500,6Y,6.000000,adult,002B,002B,M,6,,true,002B,
dataset/raw_audio/AudioCropped/6Y-002B-M3-01.wav,data/meowagenet/official-3d02295bef15/AudioCropped/6Y-002B-M3-01.wav,6Y-002B-M3-01.wav,ec1533cb5243fde48527650701180dbe7781bbf7,81580166e3a821d72c966ef66ea56fde21e96044fbc88fade741386d13734d70,88796,48000,1,16,0.923521,6Y,6.000000,adult,002B,002B,M,6,,true,002B,
dataset/raw_audio/AudioCropped/6Y-002B-M3-02.wav,data/meowagenet/official-3d02295bef15/AudioCropped/6Y-002B-M3-02.wav,6Y-002B-M3-02.wav,3c3a7ce8e7b691407998d431f585f78920b8afdb,e2a602bd64eb26bf192204bea8290d52cc0642bcacc2a38e552369934e415e7b,72768,48000,1,16,0.756563,6Y,6.000000,adult,002B,002B,M,6,,true,002B,
dataset/raw_audio/AudioCropped/6Y-002B-M3-03.wav,data/meowagenet/official-3d02295bef15/AudioCropped/6Y-002B-M3-03.wav,6Y-002B-M3-03.wav,2ae2beb101219b6fd6a22bd0febe3a2823746053,ed0840c1d7507f5ef73c6e56787fec4344fc63753a6d06f79d12edb9ba472705,61800,48000,1,16,0.642312,6Y,6.000000,adult,002B,002B,M,6,,true,002B,
dataset/raw_audio/AudioCropped/6Y-002B-M3-04.wav,data/meowagenet/official-3d02295bef15/AudioCropped/6Y-002B-M3-04.wav,6Y-002B-M3-04.wav,d0071a3b3cfa904722658c0401d37702ff4ab9c4,14a21895f17181a00a74cdf0685e36ef4efe862a593ff7642e3732fbe7aa4114,57994,48000,1,16,0.602667,6Y,6.000000,adult,002B,002B,M,6,,true,002B,
dataset/raw_audio/AudioCropped/6Y-002B-M3-05.wav,data/meowagenet/official-3d02295bef15/AudioCropped/6Y-002B-M3-05.wav,6Y-002B-M3-05.wav,e49a8bbf13f743d73cd8c23d58bfdb442c33ad9d,656c77acde4830b105c6760ae76e0fdc81349bb49b988b0c10a1b44875a03c4a,93618,48000,1,16,0.973750,6Y,6.000000,adult,002B,002B,M,6,,true,002B,
dataset/raw_audio/AudioCropped/6Y-002B-M3-06.wav,data/meowagenet/official-3d02295bef15/AudioCropped/6Y-002B-M3-06.wav,6Y-002B-M3-06.wav,933bbb8379d1ca2b2696a592a9362010e5254dfc,b11cc1169fd5f36507b661b3e60f73f672a1dfca747ca8b495e30cada8be861f,58416,48000,1,16,0.607062,6Y,6.000000,adult,002B,002B,M,6,,true,002B,
dataset/raw_audio/AudioCropped/6Y-002B-M3-07.wav,data/meowagenet/official-3d02295bef15/AudioCropped/6Y-002B-M3-07.wav,6Y-002B-M3-07.wav,fa5e55c70ddf48f9fce42570d18fab0ab45f8105,cd6990257ec7479c695171aa840eae4a1b0f773e5ae847ed4e84006f27c8972d,65090,48000,1,16,0.676583,6Y,6.000000,adult,002B,002B,M,6,,true,002B,
dataset/raw_audio/AudioCropped/6Y-002B-M3-08.wav,data/meowagenet/official-3d02295bef15/AudioCropped/6Y-002B-M3-08.wav,6Y-002B-M3-08.wav,5d3ab60dfe15e260bf96df4a8ef60758884efcde,524a9f1f22d0dc6e7eee6a6126d2f0063cc414ec875b063ade4c6201d1ab3f83,94452,48000,1,16,0.982437,6Y,6.000000,adult,002B,002B,M,6,,true,002B,
dataset/raw_audio/AudioCropped/6Y-002B-M3-09.wav,data/meowagenet/official-3d02295bef15/AudioCropped/6Y-002B-M3-09.wav,6Y-002B-M3-09.wav,e1033230b79f7564b145be097fbd3b31b9afb0ef,b525ac9bb8cf8edeef5a5ad5c4febaffd3ea7b4e06151146468e82ead30c4ab2,86444,48000,1,16,0.899021,6Y,6.000000,adult,002B,002B,M,6,,true,002B,
dataset/raw_audio/AudioCropped/6Y-002B-M3-10.wav,data/meowagenet/official-3d02295bef15/AudioCropped/6Y-002B-M3-10.wav,6Y-002B-M3-10.wav,5009eef80d95f77a8af6b6cf23c92d752122a294,aa99e0732636dabda9b8715ed125ea687569c71cf16e14ac3967b6ebd71b2319,97078,48000,1,16,1.009771,6Y,6.000000,adult,002B,002B,M,6,,true,002B,
dataset/raw_audio/AudioCropped/6Y-002B-M3-11.wav,data/meowagenet/official-3d02295bef15/AudioCropped/6Y-002B-M3-11.wav,6Y-002B-M3-11.wav,459f3af64ff063bc2587aa7eb230c3acf078f8c4,9e53ffa6c0bd89225b129d71bffbbbf43853a5d7f39ff3bfb9b79e50eb2f058f,95108,48000,1,16,0.989250,6Y,6.000000,adult,002B,002B,M,6,,true,002B,
dataset/raw_audio/AudioCropped/6Y-002B-M3-12.wav,data/meowagenet/official-3d02295bef15/AudioCropped/6Y-002B-M3-12.wav,6Y-002B-M3-12.wav,c57280327f5ea17c744c5dfbee06ef11f4a8661e,e0fcd6c6abbfeb9e21a133b73e11a60ccce2839bb29ab4777ac7332dd0bf77fc,75358,48000,1,16,0.783521,6Y,6.000000,adult,002B,002B,M,6,,true,002B,
dataset/raw_audio/AudioCropped/6Y-002B-M3-13.wav,data/meowagenet/official-3d02295bef15/AudioCropped/6Y-002B-M3-13.wav,6Y-002B-M3-13.wav,5a21236c4fab6e83f63caf3b28ee522ea4f09d32,9b70c293c44e69efd1cbbdc4b823e354d9b20ecfc7f5c5542934a6898efe4860,82416,48000,1,16,0.857042,6Y,6.000000,adult,002B,002B,M,6,,true,002B,
dataset/raw_audio/AudioCropped/6Y-002B-M3-14.wav,data/meowagenet/official-3d02295bef15/AudioCropped/6Y-002B-M3-14.wav,6Y-002B-M3-14.wav,8d252aa13450e045709ee2c5c6c6e59e1bf7c79f,418ea162f18cbeb0a5f65452d38652f22f163cbec5b93262054394451e318c22,80728,48000,1,16,0.839458,6Y,6.000000,adult,002B,002B,M,6,,true,002B,
dataset/raw_audio/AudioCropped/6Y-002B-M3-15.wav,data/meowagenet/official-3d02295bef15/AudioCropped/6Y-002B-M3-15.wav,6Y-002B-M3-15.wav,f4f20e53bace89dc5afc452bf112afce904c3379,ba8ea15dfbbd7db908322222e47036f276262f145b2e12d78e78d92d64992065,93750,48000,1,16,0.975104,6Y,6.000000,adult,002B,002B,M,6,,true,002B,
dataset/raw_audio/AudioCropped/6Y-002B-M4-01.wav,data/meowagenet/official-3d02295bef15/AudioCropped/6Y-002B-M4-01.wav,6Y-002B-M4-01.wav,e704b470cbbcfe7bcb1b3815ad2b0c0d32cbb37f,ec7423c5f2c7704703793172a623674735fddb7c9efaf594a87a057d5bcbb763,80820,48000,1,16,0.840437,6Y,6.000000,adult,002B,002B,M,6,,true,002B,
dataset/raw_audio/AudioCropped/6Y-002B-M4-02.wav,data/meowagenet/official-3d02295bef15/AudioCropped/6Y-002B-M4-02.wav,6Y-002B-M4-02.wav,b1971d9766c63018922f172b7467de6660daaff9,5705f7bfb0171bc52d0d4e9257533d6b6a34f949a1ef03658ad54ae0bb682ddd,60350,48000,1,16,0.627208,6Y,6.000000,adult,002B,002B,M,6,,true,002B,
dataset/raw_audio/AudioCropped/6Y-002B-M4-03.wav,data/meowagenet/official-3d02295bef15/AudioCropped/6Y-002B-M4-03.wav,6Y-002B-M4-03.wav,57cb43b5deb6e7bc1bbfbd66ebff46af85494247,a81b623c4873f1d3debf33d292e1157eaf97bf92dd4b4f6ebc87ad8396da6aa8,43564,48000,1,16,0.452354,6Y,6.000000,adult,002B,002B,M,6,,true,002B,
dataset/raw_audio/AudioCropped/6Y-002B-M4-04.wav,data/meowagenet/official-3d02295bef15/AudioCropped/6Y-002B-M4-04.wav,6Y-002B-M4-04.wav,2f87c6f2900bb3822512f605a646bd7db29c0417,859dc608b0c0d2abaaf263ac9375762b981dc44757ef031e232513c8e96923bb,98426,48000,1,16,1.023833,6Y,6.000000,adult,002B,002B,M,6,,true,002B,
dataset/raw_audio/AudioCropped/6Y-002B-M4-05.wav,data/meowagenet/official-3d02295bef15/AudioCropped/6Y-002B-M4-05.wav,6Y-002B-M4-05.wav,c38a5205d913505e28217b10b320e3ac04442230,656eeda923b5751b1eb568ce24dd3e5606914a37f0b5e506bcf9b86c52f51822,76412,48000,1,16,0.794521,6Y,6.000000,adult,002B,002B,M,6,,true,002B,
dataset/raw_audio/AudioCropped/6Y-002B-M5-01.wav,data/meowagenet/official-3d02295bef15/AudioCropped/6Y-002B-M5-01.wav,6Y-002B-M5-01.wav,ea83bf57f7f1d8cb18264db4816e769c5f8a057c,e7148956b8c61e0dfdbdc8143f5b0b2d0eb07773a2d507a020af2c00753a757c,56366,48000,1,16,0.585708,6Y,6.000000,adult,002B,002B,M,6,,true,002B,
dataset/raw_audio/AudioCropped/6Y-002B-M5-02.wav,data/meowagenet/official-3d02295bef15/AudioCropped/6Y-002B-M5-02.wav,6Y-002B-M5-02.wav,4fa097600467b3870f1e90687ccda89ca882dedb,1facc1ddd13297f96c937b68ad693832a35d47a78f0ceded1f220d7c0fe28338,51582,48000,1,16,0.535875,6Y,6.000000,adult,002B,002B,M,6,,true,002B,
dataset/raw_audio/AudioCropped/6Y-002B-M5-03.wav,data/meowagenet/official-3d02295bef15/AudioCropped/6Y-002B-M5-03.wav,6Y-002B-M5-03.wav,027f1792954bf636bfdd849d2de00efa9d1ebbc2,4092ac1ab80a42a67efc717cfd542569a60045b38155fb269e03ef40dd4b77fd,59450,48000,1,16,0.617833,6Y,6.000000,adult,002B,002B,M,6,,true,002B,
dataset/raw_audio/AudioCropped/6Y-007A-M1-01.wav,data/meowagenet/official-3d02295bef15/AudioCropped/6Y-007A-M1-01.wav,6Y-007A-M1-01.wav,4d9c705cadf4412a63bedbdba054847d06052e94,c74b3aafef56cba58f89075e6846b956ed5a5dbaad1e2bb79ed6882c3fb52a60,32638,48000,1,16,0.339521,6Y,6.000000,adult,007A,007A,M,6,,true,007A,
dataset/raw_audio/AudioCropped/6Y-007A-M2-01.wav,data/meowagenet/official-3d02295bef15/AudioCropped/6Y-007A-M2-01.wav,6Y-007A-M2-01.wav,08d73f2c5244b16ad44a52b4d2812281ec0b05af,3e0a1928092afd4b47fe038db317533c542110010edd8602eec9a6d20d5eb02a,46556,48000,1,16,0.483521,6Y,6.000000,adult,007A,007A,M,6,,true,007A,
dataset/raw_audio/AudioCropped/6Y-007A-M2-02.wav,data/meowagenet/official-3d02295bef15/AudioCropped/6Y-007A-M2-02.wav,6Y-007A-M2-02.wav,f29fb3298fa86aa78e4f0be90e7489bd9d2f3f9a,da0bc40443af6be4dfa662c20ba4260a8c5425f707eab9df8993042dbb6fd09b,44254,48000,1,16,0.459542,6Y,6.000000,adult,007A,007A,M,6,,true,007A,
dataset/raw_audio/AudioCropped/6Y-007A-M2-03.wav,data/meowagenet/official-3d02295bef15/AudioCropped/6Y-007A-M2-03.wav,6Y-007A-M2-03.wav,ff50313d9605932aebef39e32fe06997ab27ec4d,1715dfe8c2847cd463a50cd6d99ad6ff01120c30b376a3b0d81a22f306df9972,50326,48000,1,16,0.522792,6Y,6.000000,adult,007A,007A,M,6,,true,007A,
dataset/raw_audio/AudioCropped/6Y-007A-M2-04.wav,data/meowagenet/official-3d02295bef15/AudioCropped/6Y-007A-M2-04.wav,6Y-007A-M2-04.wav,676b1e16c6f32a2e2e639186d8666d44b615eeb2,ee9c3ee5f42ae8d598d63690a60f686a304944759452aba61edadc2e50d31a1f,54062,48000,1,16,0.561708,6Y,6.000000,adult,007A,007A,M,6,,true,007A,
dataset/raw_audio/AudioCropped/6Y-007A-M2-05.wav,data/meowagenet/official-3d02295bef15/AudioCropped/6Y-007A-M2-05.wav,6Y-007A-M2-05.wav,0545a44a9d29d8c7eb48d73deff15fa9a8d19ecd,bbd8b070018174c66fc14789b49727fef6ebbc415dc7a5752cb1a8dc4cb505a0,46152,48000,1,16,0.479312,6Y,6.000000,adult,007A,007A,M,6,,true,007A,
dataset/raw_audio/AudioCropped/6Y-009A-F1-01.wav,data/meowagenet/official-3d02295bef15/AudioCropped/6Y-009A-F1-01.wav,6Y-009A-F1-01.wav,c270cab4957484a6c312bfb35881de0acdd316eb,91a136fa5d313c3f62bd0306ac953126dede6e16f939e85614a60c6ee7f78382,45302,48000,1,16,0.470458,6Y,6.000000,adult,009A,009A,F,6,,true,009A,
dataset/raw_audio/AudioCropped/6Y-009A-F1-02.wav,data/meowagenet/official-3d02295bef15/AudioCropped/6Y-009A-F1-02.wav,6Y-009A-F1-02.wav,7793a3a33d31eae90d5fad66f42ed49d94aad604,f4a91fab6f9d5dba156d8330b28355e14fdde57ced7101c89b9c01799739d9f8,74060,48000,1,16,0.770021,6Y,6.000000,adult,009A,009A,F,6,,true,009A,
dataset/raw_audio/AudioCropped/6Y-009A-F2-01.wav,data/meowagenet/official-3d02295bef15/AudioCropped/6Y-009A-F2-01.wav,6Y-009A-F2-01.wav,273b7640dd2d442e428ae8d47b03d7a76d4b2882,518b26dfa77681f47aba375a21bdd124d351a32b04dbd6c83061a8e1c9fdefa5,50378,48000,1,16,0.523333,6Y,6.000000,adult,009A,009A,F,6,,true,009A,
dataset/raw_audio/AudioCropped/6Y-009A-F2-02.wav,data/meowagenet/official-3d02295bef15/AudioCropped/6Y-009A-F2-02.wav,6Y-009A-F2-02.wav,7ebaa3c62e415c2df16edf354e5c28f7d38b561e,bb2ac89d005a9a2ff8b55df0e4f7a610381a22fc63000ed38f3ff5a7431f4df2,90470,48000,1,16,0.940958,6Y,6.000000,adult,009A,009A,F,6,,true,009A,
dataset/raw_audio/AudioCropped/6Y-023B-M1-01.wav,data/meowagenet/official-3d02295bef15/AudioCropped/6Y-023B-M1-01.wav,6Y-023B-M1-01.wav,a2280a8eb6873d3090776ac65860b9ecbca5082b,3f08b02b23d646af2b5d9979e71857c01a3f1f5d7287cb379cfa80008c491694,60588,48000,1,16,0.629687,6Y,6.000000,adult,023B,023B,M,6,,true,023B,
dataset/raw_audio/AudioCropped/6Y-023B-M1-02.wav,data/meowagenet/official-3d02295bef15/AudioCropped/6Y-023B-M1-02.wav,6Y-023B-M1-02.wav,6aeb81dbca30a7f430a73e6959cbbc7acc8cada5,1812fc6ee120e929c67a4a53b0fb23d200b06482cb399a5e2e8e40aad4158bb1,25850,48000,1,16,0.267833,6Y,6.000000,adult,023B,023B,M,6,,true,023B,
dataset/raw_audio/AudioCropped/6Y-023B-M1-03.wav,data/meowagenet/official-3d02295bef15/AudioCropped/6Y-023B-M1-03.wav,6Y-023B-M1-03.wav,084a214545691e4624a2c0c0cb430468a3b435f5,63aa0c18248aadf104ec989045d8199e42d5d11a0b500ba1f54629447174b72a,16572,48000,1,16,0.171187,6Y,6.000000,adult,023B,023B,M,6,,true,023B,
dataset/raw_audio/AudioCropped/6Y-023B-M1-04.wav,data/meowagenet/official-3d02295bef15/AudioCropped/6Y-023B-M1-04.wav,6Y-023B-M1-04.wav,b1b0b85383ebf9ebed89225d7464adae389faa4c,d20a5b0b3a8c0973c177898a9e1c02cbec11cb40c56c92adf490818c06061e0e,108672,48000,1,16,1.130562,6Y,6.000000,adult,023B,023B,M,6,,true,023B,
dataset/raw_audio/AudioCropped/6Y-033A-M-01.wav,data/meowagenet/official-3d02295bef15/AudioCropped/6Y-033A-M-01.wav,6Y-033A-M-01.wav,5ef0f46cc697c1b7264758f1bed40209f2eb94f7,a1bd1729e9e468c78fb323c3a50a9793d2da77f2e7cee26e4e6bb013d489c97c,78494,44100,1,16,0.886485,6Y,6.000000,adult,033A,033A,M,6,,true,033A,
dataset/raw_audio/AudioCropped/6Y-033A-M-02.wav,data/meowagenet/official-3d02295bef15/AudioCropped/6Y-033A-M-02.wav,6Y-033A-M-02.wav,53f65d6af144ca476cec09d2bc32a7cc1feb2768,bea4e9f693d66648e44ed03b1d631da5016a844cfc48aec33cb45b36e6230dac,80894,44100,1,16,0.913696,6Y,6.000000,adult,033A,033A,M,6,,true,033A,
dataset/raw_audio/AudioCropped/6Y-033A-M-03.wav,data/meowagenet/official-3d02295bef15/AudioCropped/6Y-033A-M-03.wav,6Y-033A-M-03.wav,646ca362312bc8a0bfa030d7114e67069651643e,f9bd164f754051183bfa3f0765da1dfbb023c7132944416a8df5f7cc1096b7b1,74344,44100,1,16,0.839433,6Y,6.000000,adult,033A,033A,M,6,,true,033A,
dataset/raw_audio/AudioCropped/6Y-033A-M-04.wav,data/meowagenet/official-3d02295bef15/AudioCropped/6Y-033A-M-04.wav,6Y-033A-M-04.wav,f5db00e58473e32a4f7a1b3b0adc0b4dfedff897,7b4849900bff69f1b8daa9d9be7e66f706f9d8477f39a2b1784436169e3a9007,54346,44100,1,16,0.612698,6Y,6.000000,adult,033A,033A,M,6,,true,033A,
dataset/raw_audio/AudioCropped/6Y-033A-M-05.wav,data/meowagenet/official-3d02295bef15/AudioCropped/6Y-033A-M-05.wav,6Y-033A-M-05.wav,6892c5b8bee4bda5945ade3e2926bb417b13c086,130b2c4321fb86b7eaa0dc2f45a9e39cc8209f0ba55dbf6f9f28677069748a70,46586,44100,1,16,0.524717,6Y,6.000000,adult,033A,033A,M,6,,true,033A,
dataset/raw_audio/AudioCropped/6Y-033A-M-06.wav,data/meowagenet/official-3d02295bef15/AudioCropped/6Y-033A-M-06.wav,6Y-033A-M-06.wav,575ee9682180f40f2a91d9b48c1c2013b4a28e62,89a54c62b24e1edc45d52becf3632e0de9679f377f499faa48b4b547afc9b37d,57606,44100,1,16,0.649660,6Y,6.000000,adult,033A,033A,M,6,,true,033A,
dataset/raw_audio/AudioCropped/6Y-033A-M-07.wav,data/meowagenet/official-3d02295bef15/AudioCropped/6Y-033A-M-07.wav,6Y-033A-M-07.wav,ef493392962d38ea2327da3d2ad8c5e3b2fc7e7f,77ea03c9f74fb53fa141c9a8308201e266965f7130a12067aa32feffd5e17e96,52462,44100,1,16,0.591338,6Y,6.000000,adult,033A,033A,M,6,,true,033A,
dataset/raw_audio/AudioCropped/6Y-033A-M-08.wav,data/meowagenet/official-3d02295bef15/AudioCropped/6Y-033A-M-08.wav,6Y-033A-M-08.wav,2debe58feb54a0ae2c46edb384de3c33e8ca35c9,7fecee5eacfdbeb6461a769cc6bda26fa24cb667ffba5982a2988d6f11f0cd79,63482,44100,1,16,0.716281,6Y,6.000000,adult,033A,033A,M,6,,true,033A,
dataset/raw_audio/AudioCropped/6Y-033A-M-09.wav,data/meowagenet/official-3d02295bef15/AudioCropped/6Y-033A-M-09.wav,6Y-033A-M-09.wav,e42987d408a49daf4788ee355d75c8d9df2ef892,3a0a8bf57ebc9ef446fd5c8e1a822dfa615c0620b718dddf294574628630a7d9,47320,44100,1,16,0.533039,6Y,6.000000,adult,033A,033A,M,6,,true,033A,
dataset/raw_audio/AudioCropped/6Y-034A-X-01.wav,data/meowagenet/official-3d02295bef15/AudioCropped/6Y-034A-X-01.wav,6Y-034A-X-01.wav,20a1a2c103b398f00f20a4242631fc52d760e6f4,2f63807bb348dfd85a5a8a9c8c2d3ffe2327cb20d7b0f6c6a77ced9356e1742a,159348,96000,1,16,0.829094,6Y,6.000000,adult,034A,034A,X,6,,true,034A,
dataset/raw_audio/AudioCropped/6Y-034A-X-02.wav,data/meowagenet/official-3d02295bef15/AudioCropped/6Y-034A-X-02.wav,6Y-034A-X-02.wav,ff37668c09e302539bd7f4d8fe228469d4f8d7ea,c8b3e6f52a203353d1ac3541bc488c3cc409d4448e7a841e0d835b98810a75c8,209822,96000,1,16,1.091979,6Y,6.000000,adult,034A,034A,X,6,,true,034A,
dataset/raw_audio/AudioCropped/6Y-034A-X-03.wav,data/meowagenet/official-3d02295bef15/AudioCropped/6Y-034A-X-03.wav,6Y-034A-X-03.wav,341075bc65933834534fce5c8f16454d38e7cf80,9df1bedfcaf31dfc10883e440a7b172b919f22e25914c5530ade7470efbb1a92,227570,96000,1,16,1.184417,6Y,6.000000,adult,034A,034A,X,6,,true,034A,
dataset/raw_audio/AudioCropped/6Y-035A-X-01.wav,data/meowagenet/official-3d02295bef15/AudioCropped/6Y-035A-X-01.wav,6Y-035A-X-01.wav,f07d8775cccb20cf83427e8476709ac696aa1cd5,c1c9c101c37738f3c80afced58a382e5780f05d0283dc5e3fbc46285dfc99d25,93310,44100,1,16,1.055918,6Y,6.000000,adult,035A,035A,X,6,,true,035A,
dataset/raw_audio/AudioCropped/6Y-035A-X-02.wav,data/meowagenet/official-3d02295bef15/AudioCropped/6Y-035A-X-02.wav,6Y-035A-X-02.wav,f1a8c1ac289308f5378a2da8e16a84732684a5de,23bb696a59ef542d54b79be015843d7ed284afb2f9a12e24708e17396ba11b1d,121138,44100,1,16,1.371429,6Y,6.000000,adult,035A,035A,X,6,,true,035A,
dataset/raw_audio/AudioCropped/6Y-036A-X-01.wav,data/meowagenet/official-3d02295bef15/AudioCropped/6Y-036A-X-01.wav,6Y-036A-X-01.wav,5ff0576cfe13da726b84942757e081dd9b270dbb,b584139ac14297eae729617bff4f86bc5330523c0bd1571525e628908152fb4a,151242,96000,1,16,0.786260,6Y,6.000000,adult,036A,036A,X,6,,true,036A,
dataset/raw_audio/AudioCropped/6Y-036A-X-02.wav,data/meowagenet/official-3d02295bef15/AudioCropped/6Y-036A-X-02.wav,6Y-036A-X-02.wav,ff712702e67898880de2a848973b820d0cc71675,f8a54c0c92b42c584f9e703fdb1ba2461af8dc0c6d81a16a8ac685f3665409b1,243002,96000,1,16,1.264177,6Y,6.000000,adult,036A,036A,X,6,,true,036A,
dataset/raw_audio/AudioCropped/6Y-036A-X-03.wav,data/meowagenet/official-3d02295bef15/AudioCropped/6Y-036A-X-03.wav,6Y-036A-X-03.wav,60d3a6d3c7c8066c2d92f87d8695a2effd305e04,db3a190d444563109d63fd26c5a0679c2ed1f34222252f24070e1f0b5e5cd34a,168016,96000,1,16,0.873625,6Y,6.000000,adult,036A,036A,X,6,,true,036A,
dataset/raw_audio/AudioCropped/6Y-036A-X-04.wav,data/meowagenet/official-3d02295bef15/AudioCropped/6Y-036A-X-04.wav,6Y-036A-X-04.wav,350e86c214b7bcf327995c71dd1f3cdefe5aab3b,1c0b227e9f1badb0f3482395d9d951d6825b1a6c1bf61a71d68186f275549e15,234122,96000,1,16,1.217927,6Y,6.000000,adult,036A,036A,X,6,,true,036A,
dataset/raw_audio/AudioCropped/6Y-036A-X-05.wav,data/meowagenet/official-3d02295bef15/AudioCropped/6Y-036A-X-05.wav,6Y-036A-X-05.wav,af0134096b647d386208fcdb02d194b1dc654151,6d0886aef7b7151f0b36f1cfb8e8caf2372752af570315980d351d827032f235,175910,96000,1,16,0.914740,6Y,6.000000,adult,036A,036A,X,6,,true,036A,
dataset/raw_audio/AudioCropped/6Y-036A-X-06.wav,data/meowagenet/official-3d02295bef15/AudioCropped/6Y-036A-X-06.wav,6Y-036A-X-06.wav,db2c1b53ad17b971ddd3bf1ae605981a083fa765,d2c46590625b6c8d3a26568c373a18b00b24d8a08579f01a9e4dccc73a5533d3,202056,96000,1,16,1.050917,6Y,6.000000,adult,036A,036A,X,6,,true,036A,
dataset/raw_audio/AudioCropped/6Y-036A-X-07.wav,data/meowagenet/official-3d02295bef15/AudioCropped/6Y-036A-X-07.wav,6Y-036A-X-07.wav,1e0b20f6db0aa5da7055e8675e3ce470f2efb9aa,0a3c7f7776c4091937183bf1db80d1f3229be884c427224215806c8ef9a25e72,217348,96000,1,16,1.130562,6Y,6.000000,adult,036A,036A,X,6,,true,036A,
dataset/raw_audio/AudioCropped/6Y-095A-M1-01.wav,data/meowagenet/official-3d02295bef15/AudioCropped/6Y-095A-M1-01.wav,6Y-095A-M1-01.wav,eeac382e51c128d9874f3f96e8482ebf529a9f60,13679e98b4db9bbaf0478890621d698b3a14931a5d4d7b4890ec2c19702ed26f,98556,48000,1,16,1.025187,6Y,6.000000,adult,095A,095A,M,6,,true,095A,
dataset/raw_audio/AudioCropped/6Y-095A-M1-02.wav,data/meowagenet/official-3d02295bef15/AudioCropped/6Y-095A-M1-02.wav,6Y-095A-M1-02.wav,a172e241e62b44eea95acbd28e6e68ddc77b03bf,6ba3d0b0a5d409116cdf5cb55647b0f19088852024eed38ff60c11c79556f09d,47366,48000,1,16,0.491958,6Y,6.000000,adult,095A,095A,M,6,,true,095A,
dataset/raw_audio/AudioCropped/6Y-095A-M1-03.wav,data/meowagenet/official-3d02295bef15/AudioCropped/6Y-095A-M1-03.wav,6Y-095A-M1-03.wav,db9a585d5dfef5b053e5e1ca9f28a30c74a2861b,1e1153319388230f009d67499c2c59d46c14db20f951d82cb2fa6b7a37aff883,39446,48000,1,16,0.409458,6Y,6.000000,adult,095A,095A,M,6,,true,095A,
dataset/raw_audio/AudioCropped/6Y-095A-M1-04.wav,data/meowagenet/official-3d02295bef15/AudioCropped/6Y-095A-M1-04.wav,6Y-095A-M1-04.wav,be6f17e7ab25019815d574c27483a5284111a8ab,37fc53a3602f08d48dce5d7388cbd9a276b2fbe070987d479de2e6220be5bfff,50624,48000,1,16,0.525896,6Y,6.000000,adult,095A,095A,M,6,,true,095A,
dataset/raw_audio/AudioCropped/6Y-095A-M1-05.wav,data/meowagenet/official-3d02295bef15/AudioCropped/6Y-095A-M1-05.wav,6Y-095A-M1-05.wav,02e91dcb285506d173b75a949d5aaa92686f021c,690cf85b2c4b2eb7102a3251b40543fcf97c6f2c1e5a5ad7cbc6aab34fcf0bff,58974,48000,1,16,0.612875,6Y,6.000000,adult,095A,095A,M,6,,true,095A,
dataset/raw_audio/AudioCropped/6Y-095A-M1-06.wav,data/meowagenet/official-3d02295bef15/AudioCropped/6Y-095A-M1-06.wav,6Y-095A-M1-06.wav,70f59026c68af98559f4f70a5b785691fccd9431,d390ac8388b40aa28e2ebf2a38d812a1b93fff034d4f794ce4f367aa9ec9e7e4,15090,48000,1,16,0.155750,6Y,6.000000,adult,095A,095A,M,6,,true,095A,
dataset/raw_audio/AudioCropped/6Y-095A-M1-07.wav,data/meowagenet/official-3d02295bef15/AudioCropped/6Y-095A-M1-07.wav,6Y-095A-M1-07.wav,2b882ecef170b8a9d3d47a74f2ed0dea64acf2dc,29d7a6e008235af42ecb4ec29e1be06a6a48ea9c4bd6bdfae97001bd75c455a5,45382,48000,1,16,0.471292,6Y,6.000000,adult,095A,095A,M,6,,true,095A,
dataset/raw_audio/AudioCropped/7.5Y-013B-F1-01.wav,data/meowagenet/official-3d02295bef15/AudioCropped/7.5Y-013B-F1-01.wav,7.5Y-013B-F1-01.wav,46e0016743557e5de1108dc5bfb35c4455a7625e,b6a49a3113b514c595ffba4c12659f3a10ba580e6e066f0193d94cd391b871a2,69814,48000,1,16,0.725750,7.5Y,7.500000,adult,013B,013B,F,7.5,,true,013B,
dataset/raw_audio/AudioCropped/7.5Y-013B-F1-02.wav,data/meowagenet/official-3d02295bef15/AudioCropped/7.5Y-013B-F1-02.wav,7.5Y-013B-F1-02.wav,a15575ffd7b3630cba01eb12bda0eeff341eaf94,61533747c083575a65183db8d3ad42d57caf5b9d1b7bc3de25cc2eebcc299bb4,72082,48000,1,16,0.749375,7.5Y,7.500000,adult,013B,013B,F,7.5,,true,013B,
dataset/raw_audio/AudioCropped/7.5Y-013B-F1-03.wav,data/meowagenet/official-3d02295bef15/AudioCropped/7.5Y-013B-F1-03.wav,7.5Y-013B-F1-03.wav,48bd0eeec8731282161d7dd2a42b03fdab70e809,4493bcd4ee7c41f0d130290aa92f6854f8be2dcf4e8f73cbc577d7fde90d8211,39642,48000,1,16,0.411458,7.5Y,7.500000,adult,013B,013B,F,7.5,,true,013B,
dataset/raw_audio/AudioCropped/7.5Y-013B-F2.wav,data/meowagenet/official-3d02295bef15/AudioCropped/7.5Y-013B-F2.wav,7.5Y-013B-F2.wav,5cc7ce00bfa1cc52d3a5196a261a7b8b718e159e,41b4436ace70acd0eb5a72ebbc8950a8b968268719e21f10a8568046060cb12d,67940,48000,1,16,0.707250,7.5Y,7.500000,adult,013B,013B,F,7.5,,true,013B,
dataset/raw_audio/AudioCropped/7.5Y-013B-F3.wav,data/meowagenet/official-3d02295bef15/AudioCropped/7.5Y-013B-F3.wav,7.5Y-013B-F3.wav,bafdad90003a86944403f8289ce178f305da0eb9,b8d3e4647728d6c5f0201a409e3e823bfc96b6a2c1e96dba53de604464fad9c1,63762,48000,1,16,0.663729,7.5Y,7.500000,adult,013B,013B,F,7.5,,true,013B,
dataset/raw_audio/AudioCropped/7.5Y-013B-F4-01.wav,data/meowagenet/official-3d02295bef15/AudioCropped/7.5Y-013B-F4-01.wav,7.5Y-013B-F4-01.wav,4f1e6bc38bdc865463cd3bb454242f6bfc01a89b,0f6efe030c27ec8aed7ff46539a7e5e7347271b5418b747d527efed0d454f259,68710,48000,1,16,0.714250,7.5Y,7.500000,adult,013B,013B,F,7.5,,true,013B,
dataset/raw_audio/AudioCropped/7.5Y-013B-F4-02.wav,data/meowagenet/official-3d02295bef15/AudioCropped/7.5Y-013B-F4-02.wav,7.5Y-013B-F4-02.wav,a2a9820f7b5918e1f6e453335f97ec4ad378cfd2,cf5ae6cdd4d7cb9d35f4a93404bee94335d17f664537940eaa872487349c9f96,63858,48000,1,16,0.663708,7.5Y,7.500000,adult,013B,013B,F,7.5,,true,013B,
dataset/raw_audio/AudioCropped/7.5Y-013B-F4-03.wav,data/meowagenet/official-3d02295bef15/AudioCropped/7.5Y-013B-F4-03.wav,7.5Y-013B-F4-03.wav,d0c3588f8fa2efc142689c6d08aaa22a6a5cedd6,de91199b0bd72907e199c08eb2e7b116a65af75866186ab34a2b678de1e2f620,74282,48000,1,16,0.772292,7.5Y,7.500000,adult,013B,013B,F,7.5,,true,013B,
dataset/raw_audio/AudioCropped/7Y-019A-X1-01.wav,data/meowagenet/official-3d02295bef15/AudioCropped/7Y-019A-X1-01.wav,7Y-019A-X1-01.wav,02d14b75f1d03bf6c5d673d865933e0ea503d4fe,c81d0c01dcc743e9d2675567264e9223a4e7524735133ef250b21e0ee2ccc0aa,42332,48000,1,16,0.439521,7Y,7.000000,adult,019A,019A,X,7,,true,019A,
dataset/raw_audio/AudioCropped/7Y-019A-X1-02.wav,data/meowagenet/official-3d02295bef15/AudioCropped/7Y-019A-X1-02.wav,7Y-019A-X1-02.wav,bc7a08300e3130ff78c4840cf33ef03751757c22,caa6c22183b498a7cfa0deb86b562be10a514e0849ec9c1f6d24e3560142ea7e,70432,48000,1,16,0.732229,7Y,7.000000,adult,019A,019A,X,7,,true,019A,
dataset/raw_audio/AudioCropped/7Y-019A-X1-03.wav,data/meowagenet/official-3d02295bef15/AudioCropped/7Y-019A-X1-03.wav,7Y-019A-X1-03.wav,5497c5ad0d6b004cc208584b9ed4c8b44aba5f5f,02f749c763d2199f61fad980fa4b5ac38677cdf7d93b0917c8edd234e24ceafd,26956,48000,1,16,0.279354,7Y,7.000000,adult,019A,019A,X,7,,true,019A,
dataset/raw_audio/AudioCropped/7Y-019A-X1-04.wav,data/meowagenet/official-3d02295bef15/AudioCropped/7Y-019A-X1-04.wav,7Y-019A-X1-04.wav,127535cec0f8eb38aec9a255f5e3fff6f2c6a0a9,3e191910db258fbcddbf8e058ddcd134d598021d89f0dd667368281f6714488c,24604,48000,1,16,0.254854,7Y,7.000000,adult,019A,019A,X,7,,true,019A,
dataset/raw_audio/AudioCropped/7Y-019A-X1-05.wav,data/meowagenet/official-3d02295bef15/AudioCropped/7Y-019A-X1-05.wav,7Y-019A-X1-05.wav,6c86ba1a9b565ff662cbeaef79fc61df49418b68,42cf8bdeba3c7f963f97ac165bb1fc6dace8c0e59fa8750d8efea410a0de1ba8,31484,48000,1,16,0.326521,7Y,7.000000,adult,019A,019A,X,7,,true,019A,
dataset/raw_audio/AudioCropped/7Y-019A-X1-06.wav,data/meowagenet/official-3d02295bef15/AudioCropped/7Y-019A-X1-06.wav,7Y-019A-X1-06.wav,7d92c9417128c51315e0ca85138b339f6cae8e7e,5babef2d76b68b348e719f00d8c36b3066d70d73f9f87a41ecb5c419f65fd08d,22924,48000,1,16,0.237354,7Y,7.000000,adult,019A,019A,X,7,,true,019A,
dataset/raw_audio/AudioCropped/7Y-019A-X1-07.wav,data/meowagenet/official-3d02295bef15/AudioCropped/7Y-019A-X1-07.wav,7Y-019A-X1-07.wav,37f97a3cd511340a7affef76a842c9997936aa1b,19eca7fae51bd1d9deeb50f92fc908bbf3e8631e674c5b125cb66be96b8e0ba5,27730,48000,1,16,0.287417,7Y,7.000000,adult,019A,019A,X,7,,true,019A,
dataset/raw_audio/AudioCropped/7Y-019A-X1-08.wav,data/meowagenet/official-3d02295bef15/AudioCropped/7Y-019A-X1-08.wav,7Y-019A-X1-08.wav,b54273833b8ef33b65fa45df1e7fe5460588e489,6bcbd7f03c861a3d1282af22e5435ea020e52e4d768193117b07c027606c7ba5,45772,48000,1,16,0.475354,7Y,7.000000,adult,019A,019A,X,7,,true,019A,
dataset/raw_audio/AudioCropped/7Y-019A-X1-09.wav,data/meowagenet/official-3d02295bef15/AudioCropped/7Y-019A-X1-09.wav,7Y-019A-X1-09.wav,0f750ae19c3861fa4edabd633cde03e0b011cbb1,b7bbe2d8d29c12bcbd9aaa2bba06f0e7010b5baa108d0aaeffd32b4be3195fc4,55668,48000,1,16,0.579417,7Y,7.000000,adult,019A,019A,X,7,,true,019A,
dataset/raw_audio/AudioCropped/7Y-019A-X2-01.wav,data/meowagenet/official-3d02295bef15/AudioCropped/7Y-019A-X2-01.wav,7Y-019A-X2-01.wav,d1892953c288ee5498f4f8920d8f63e589ba8cf7,12a62b10c125c77cb27a2bce7898924d858c1729d683fc6f6133371593366733,26244,48000,1,16,0.271937,7Y,7.000000,adult,019A,019A,X,7,,true,019A,
dataset/raw_audio/AudioCropped/7Y-019A-X2-02.wav,data/meowagenet/official-3d02295bef15/AudioCropped/7Y-019A-X2-02.wav,7Y-019A-X2-02.wav,01bd83cf92be767a709bc6738e59f0f57a6884fd,bc8136292495a413a04ea7cb6001c83fa21846222086edeb30cd8c1b0c670785,17352,48000,1,16,0.179313,7Y,7.000000,adult,019A,019A,X,7,,true,019A,
dataset/raw_audio/AudioCropped/7Y-019A-X2-03.wav,data/meowagenet/official-3d02295bef15/AudioCropped/7Y-019A-X2-03.wav,7Y-019A-X2-03.wav,934bc8068f22062fd70a277b48f504ca65f7fa82,b961a2c412406e1d238fee409f9d45b1e1c3b3d7a54b87eb29a627f4043fb40f,13690,48000,1,16,0.141167,7Y,7.000000,adult,019A,019A,X,7,,true,019A,
dataset/raw_audio/AudioCropped/7Y-019A-X4-01.wav,data/meowagenet/official-3d02295bef15/AudioCropped/7Y-019A-X4-01.wav,7Y-019A-X4-01.wav,3dffa486a2e41e48e3e19d390fb148e17d1c9ff7,41ee6500afedf8e2485bf534a9a046a84c9dae7c6d58ffe6d01608e8c030c643,25184,48000,1,16,0.260896,7Y,7.000000,adult,019A,019A,X,7,,true,019A,
dataset/raw_audio/AudioCropped/7Y-019A-X4-02.wav,data/meowagenet/official-3d02295bef15/AudioCropped/7Y-019A-X4-02.wav,7Y-019A-X4-02.wav,9c8e8f64366f6ccd2abc5e845d4315580b036579,1fc3e418cff7a9c9f7a131af5a55df378eb95365b3bcc016de25c3f63bb92224,22222,48000,1,16,0.230042,7Y,7.000000,adult,019A,019A,X,7,,true,019A,
dataset/raw_audio/AudioCropped/7Y-019A-X4-03.wav,data/meowagenet/official-3d02295bef15/AudioCropped/7Y-019A-X4-03.wav,7Y-019A-X4-03.wav,b49614ef193a8ef7a4c264132e91935ef59f6760,eaccdf8a3a69eb27a3917ec557f9c6902f39aa6de88f2ec4f8c983114f483c66,25568,48000,1,16,0.264896,7Y,7.000000,adult,019A,019A,X,7,,true,019A,
dataset/raw_audio/AudioCropped/7Y-019A-X4-04.wav,data/meowagenet/official-3d02295bef15/AudioCropped/7Y-019A-X4-04.wav,7Y-019A-X4-04.wav,aafa3e172c10e713eb3f7856be4237b1025fce14,6f92e5d9d92fdc5f9656a51cb4614864e5ff4e24852a90b4f3a73a14f258d7a6,25502,48000,1,16,0.264208,7Y,7.000000,adult,019A,019A,X,7,,true,019A,
dataset/raw_audio/AudioCropped/7Y-019A-X5.wav,data/meowagenet/official-3d02295bef15/AudioCropped/7Y-019A-X5.wav,7Y-019A-X5.wav,892fbfb90fe209df053cb4714e9ede8f3e0ed174,57ba8bd0939a9f98a98ee561308e3b59032ab1134464e89461ee8df4304e5184,37284,48000,1,16,0.387917,7Y,7.000000,adult,019A,019A,X,7,,true,019A,
dataset/raw_audio/AudioCropped/7Y-025B-F1-01.wav,data/meowagenet/official-3d02295bef15/AudioCropped/7Y-025B-F1-01.wav,7Y-025B-F1-01.wav,2a031cef440887722088b7f9225be76e8bc7ff99,13869c3e7e2ececac94a7e6d0d2a78767357e37db703f299e3db8ef63e588054,33154,48000,1,16,0.343917,7Y,7.000000,adult,025B,025B,F,7,,true,025B,
dataset/raw_audio/AudioCropped/7Y-025B-F1-02.wav,data/meowagenet/official-3d02295bef15/AudioCropped/7Y-025B-F1-02.wav,7Y-025B-F1-02.wav,96bc9e856fbe3d36cfefcb143b431076cce2c33f,0f2f11740cd0c2fc715f128b173ab758b04d64790dc268e0c95ba7d780a004be,11560,48000,1,16,0.118979,7Y,7.000000,adult,025B,025B,F,7,,true,025B,
dataset/raw_audio/AudioCropped/7Y-026A-F1-01.wav,data/meowagenet/official-3d02295bef15/AudioCropped/7Y-026A-F1-01.wav,7Y-026A-F1-01.wav,82972d26bd9d6a61e40982d35031a38d4895d7b0,1b58e110b064b991f9def29efdd6e0a0eb4fdb7dfc4431dd4d7d1cb4d857bf21,70356,48000,1,16,0.732417,7Y,7.000000,adult,026A,026A,F,7,,true,026A,
dataset/raw_audio/AudioCropped/7Y-026A-F4.wav,data/meowagenet/official-3d02295bef15/AudioCropped/7Y-026A-F4.wav,7Y-026A-F4.wav,bdd31929da89ef1348e40d51a1bdcece235497a2,aea78ec043cf466042fa749e0fe60ccb37464fc7910c1feb5326b943fe0a53b9,38910,48000,1,16,0.404854,7Y,7.000000,adult,026A,026A,F,7,,true,026A,
dataset/raw_audio/AudioCropped/7Y-026A-F5.wav,data/meowagenet/official-3d02295bef15/AudioCropped/7Y-026A-F5.wav,7Y-026A-F5.wav,b076becce77e83a42d0c7c33c065566f6e1ba45e,9c7615eef8bb4c82fb70e2519d5abf675b9e173c208d57a94d0f7ff6ba179706,47698,48000,1,16,0.496396,7Y,7.000000,adult,026A,026A,F,7,,true,026A,
dataset/raw_audio/AudioCropped/7Y-026A-F6.wav,data/meowagenet/official-3d02295bef15/AudioCropped/7Y-026A-F6.wav,7Y-026A-F6.wav,03e2eed6ee2506d37329e630ee854e3328928928,d7adb571c362338c8f398520561fa6281ffde1043341dc1bb83b90a687ee6893,51708,48000,1,16,0.538167,7Y,7.000000,adult,026A,026A,F,7,,true,026A,
dataset/raw_audio/AudioCropped/7Y-026B-M2.wav,data/meowagenet/official-3d02295bef15/AudioCropped/7Y-026B-M2.wav,7Y-026B-M2.wav,18ad637ccc30e4d2296d5403acedd8453c701081,f6b392bddd42171c7521dbbcf7d939f5c01ab2677e731a943cd2ac378fd1b9fd,85614,48000,1,16,0.891354,7Y,7.000000,adult,026B,026B,M,7,,true,026B,
dataset/raw_audio/AudioCropped/7Y-026C-F1.wav,data/meowagenet/official-3d02295bef15/AudioCropped/7Y-026C-F1.wav,7Y-026C-F1.wav,47d7169cd451fabf938d1146d0ecd27483f91937,3da080e142f02255360d9931d0de40acba2edc53cc1ff5382966e2a798b6356e,16998,48000,1,16,0.176604,7Y,7.000000,adult,026C,026C,F,7,,true,026C,
dataset/raw_audio/AudioCropped/7Y-037A-X-01.wav,data/meowagenet/official-3d02295bef15/AudioCropped/7Y-037A-X-01.wav,7Y-037A-X-01.wav,a6f3324c75a17a85a6e2a119e3866365753a7825,bf0bfef39d89311c16b1dbc978f2a6b1295a6b77f2a81d1f585d8ecc5b9453e3,339268,96000,1,16,1.766135,7Y,7.000000,adult,037A,037A,X,7,,true,037A,
dataset/raw_audio/AudioCropped/7Y-037A-X-02.wav,data/meowagenet/official-3d02295bef15/AudioCropped/7Y-037A-X-02.wav,7Y-037A-X-02.wav,33ec1ba3b84ae6fa7284525d8441504fa7f4a751,619f084cf9d0dd785b5eada6cdd8d59580a0b38a7c97565cddb82c4a6e989a2d,319388,96000,1,16,1.662594,7Y,7.000000,adult,037A,037A,X,7,,true,037A,
dataset/raw_audio/AudioCropped/7Y-038A-F-01.wav,data/meowagenet/official-3d02295bef15/AudioCropped/7Y-038A-F-01.wav,7Y-038A-F-01.wav,98da05a45aabe30f72294dab43e679f2210f9fa5,8c4b28538cbe9406d28f7682b9be002c2e098c024942fbe5c598689394f51313,60470,44100,1,16,0.685102,7Y,7.000000,adult,038A,038A,F,7,,true,038A,
dataset/raw_audio/AudioCropped/7Y-038A-F-02.wav,data/meowagenet/official-3d02295bef15/AudioCropped/7Y-038A-F-02.wav,7Y-038A-F-02.wav,c235e9dca518ac08e88f88a4cdedb681f00f3a9f,631331f1ef2f236b687293a5addc17d6a33223355cc15f2de47d028887b2ecfc,53684,44100,1,16,0.608163,7Y,7.000000,adult,038A,038A,F,7,,true,038A,
dataset/raw_audio/AudioCropped/7Y-097B-X1-NC-01.wav,data/meowagenet/official-3d02295bef15/AudioCropped/7Y-097B-X1-NC-01.wav,7Y-097B-X1-NC-01.wav,fa296fbf4f1ebce7bc60386a98d2e0c2d063e32d,74857cc21ee0e749e00b4ce41b8b06db3cb6085a66b2a266a1d27afa66306771,72300,48000,1,16,0.751646,7Y,7.000000,adult,097B,097B,X,7,,true,097B,
dataset/raw_audio/AudioCropped/7Y-097B-X1-NC-02.wav,data/meowagenet/official-3d02295bef15/AudioCropped/7Y-097B-X1-NC-02.wav,7Y-097B-X1-NC-02.wav,a487d74f5b3f87a38b187f1e3047a22947a10a36,434b756b46f47235fc415af8f0a458c3b743baa10b10148e3595a956191a9039,60436,48000,1,16,0.628062,7Y,7.000000,adult,097B,097B,X,7,,true,097B,
dataset/raw_audio/AudioCropped/7Y-097B-X1-NC-03.wav,data/meowagenet/official-3d02295bef15/AudioCropped/7Y-097B-X1-NC-03.wav,7Y-097B-X1-NC-03.wav,c7926afa57448274c6d15220a0771c9932f14636,b640f936dc3b741ca3efe2b209865f0f5f30a666a2db7da6a0617cfdd0cbbd93,60860,48000,1,16,0.632479,7Y,7.000000,adult,097B,097B,X,7,,true,097B,
dataset/raw_audio/AudioCropped/7Y-097B-X1-NC-04.wav,data/meowagenet/official-3d02295bef15/AudioCropped/7Y-097B-X1-NC-04.wav,7Y-097B-X1-NC-04.wav,c9645afbbfc9155b993e11bae3e8152d704d5845,08ebaa6c733312995956687553f16743f06070916b208971d651fd296187b273,78542,48000,1,16,0.816667,7Y,7.000000,adult,097B,097B,X,7,,true,097B,
dataset/raw_audio/AudioCropped/7Y-097B-X1-NC-05.wav,data/meowagenet/official-3d02295bef15/AudioCropped/7Y-097B-X1-NC-05.wav,7Y-097B-X1-NC-05.wav,a178425c5178cff555953f7f976beffc09693aff,2473c28000e90d445e722c4d51afd1e017a12b9aef16738b747f60edde0fbfb0,58456,48000,1,16,0.607437,7Y,7.000000,adult,097B,097B,X,7,,true,097B,
dataset/raw_audio/AudioCropped/7Y-097B-X1-NC-06.wav,data/meowagenet/official-3d02295bef15/AudioCropped/7Y-097B-X1-NC-06.wav,7Y-097B-X1-NC-06.wav,c2707d98b38f42f274ff5f1c388a13e557cba258,e605be9c4b1706dce0e04de9d68e0b4edaa545968db8475fbf24ff1966e0b57e,77694,48000,1,16,0.807833,7Y,7.000000,adult,097B,097B,X,7,,true,097B,
dataset/raw_audio/AudioCropped/7Y-097B-X1-NC-07.wav,data/meowagenet/official-3d02295bef15/AudioCropped/7Y-097B-X1-NC-07.wav,7Y-097B-X1-NC-07.wav,40061454241ff906e0ec00c536f69f281d5a9623,58d8e8bcffa37492a09235b556e9a7202af63fa801a350c0609d093eb5998494,59378,48000,1,16,0.617042,7Y,7.000000,adult,097B,097B,X,7,,true,097B,
dataset/raw_audio/AudioCropped/7Y-097B-X1-NC-08.wav,data/meowagenet/official-3d02295bef15/AudioCropped/7Y-097B-X1-NC-08.wav,7Y-097B-X1-NC-08.wav,c9d8e07e3b49bdb8a7a2d7da67fe11506d8628b5,c47568215528c625491d8fa19bf9f77dc2cd07e10a85b7981afb04a615652a8e,34968,48000,1,16,0.362771,7Y,7.000000,adult,097B,097B,X,7,,true,097B,
dataset/raw_audio/AudioCropped/7Y-097B-X1-NC-09.wav,data/meowagenet/official-3d02295bef15/AudioCropped/7Y-097B-X1-NC-09.wav,7Y-097B-X1-NC-09.wav,c02ddb4057e8c912080eed9e3f22e24225efcc2d,50a6154caf55bb05be5a43808d684dc5284a60a6f48dcfda0a301fe58ca96120,61258,48000,1,16,0.636625,7Y,7.000000,adult,097B,097B,X,7,,true,097B,
dataset/raw_audio/AudioCropped/7Y-097B-X1-NC-10.wav,data/meowagenet/official-3d02295bef15/AudioCropped/7Y-097B-X1-NC-10.wav,7Y-097B-X1-NC-10.wav,05fad0dd6aab694987e962100eaf8250ff6b690b,102c5086d39d330a5e246f03239787d9e68265415e9057b1ac9e55dbc44bf296,76368,48000,1,16,0.793979,7Y,7.000000,adult,097B,097B,X,7,,true,097B,
dataset/raw_audio/AudioCropped/7Y-097B-X1-NC-11.wav,data/meowagenet/official-3d02295bef15/AudioCropped/7Y-097B-X1-NC-11.wav,7Y-097B-X1-NC-11.wav,b9594e3013cf03874e257fa14a99b0c95aff2df1,5bf384cd054d9ce2fe0ee2ecc94308e965846400bed3b9735946964a6cb52814,57824,48000,1,16,0.600812,7Y,7.000000,adult,097B,097B,X,7,,true,097B,
dataset/raw_audio/AudioCropped/7Y-097B-X1-NC-12.wav,data/meowagenet/official-3d02295bef15/AudioCropped/7Y-097B-X1-NC-12.wav,7Y-097B-X1-NC-12.wav,ff82f2c4332679372344244856120f69057290f8,0b2d991c0b670536e189cf4ce03931b9cb106c2b266534e4c8e92f81c69640cb,62106,48000,1,16,0.645417,7Y,7.000000,adult,097B,097B,X,7,,true,097B,
dataset/raw_audio/AudioCropped/7Y-097B-X1-NC-13.wav,data/meowagenet/official-3d02295bef15/AudioCropped/7Y-097B-X1-NC-13.wav,7Y-097B-X1-NC-13.wav,92227597af0f251154a7176e9789de1e8ca46d13,e81496d87b83e5633bcedbdd97a8c61951599895b59f3fe011def4de438a54ca,82380,48000,1,16,0.856604,7Y,7.000000,adult,097B,097B,X,7,,true,097B,
dataset/raw_audio/AudioCropped/7Y-097B-X1-NC-14.wav,data/meowagenet/official-3d02295bef15/AudioCropped/7Y-097B-X1-NC-14.wav,7Y-097B-X1-NC-14.wav,dfc6381c4f64516ab74c41849deb8abd9a1fd2c6,8dbf096c6f118abe9afbad60866ea7884e1066a3512099e1fb1394e887c96336,81808,48000,1,16,0.850646,7Y,7.000000,adult,097B,097B,X,7,,true,097B,
dataset/raw_audio/AudioCropped/8Y-005A-M1-01.wav,data/meowagenet/official-3d02295bef15/AudioCropped/8Y-005A-M1-01.wav,8Y-005A-M1-01.wav,2064dbc26fda2d9488ef4304e1debd14c8530b1f,468ed9c081d4948e7c80b4b73f99d004db978da48caf48f20d3539b60cd5eff1,52792,48000,1,16,0.548479,8Y,8.000000,adult,005A,005A,M,8,,true,005A,
dataset/raw_audio/AudioCropped/8Y-005A-M1-02.wav,data/meowagenet/official-3d02295bef15/AudioCropped/8Y-005A-M1-02.wav,8Y-005A-M1-02.wav,2b6be91420efe132a8dd1e0146b8f56d6d07cd11,035f8846ef7818290e70bfec34b1319554577534d26f8338c21c72f77ab97f31,74684,48000,1,16,0.776521,8Y,8.000000,adult,005A,005A,M,8,,true,005A,
dataset/raw_audio/AudioCropped/8Y-005A-M1-03.wav,data/meowagenet/official-3d02295bef15/AudioCropped/8Y-005A-M1-03.wav,8Y-005A-M1-03.wav,6274ee1e35790b1ee3d890289c60af4590d55b44,2c6648bb8fc6188dfd41aad9d45670df1e47eb5a83ba8340abd74eb962682701,58240,48000,1,16,0.605229,8Y,8.000000,adult,005A,005A,M,8,,true,005A,
dataset/raw_audio/AudioCropped/8Y-005A-M1-04.wav,data/meowagenet/official-3d02295bef15/AudioCropped/8Y-005A-M1-04.wav,8Y-005A-M1-04.wav,f7d2ed09504f5eae1aa5995c244af4974fbe6cef,eb193a779262d650ca8cb2e1faf310a99924f3873e5c71c4598e4caaa5fa6bb0,65186,48000,1,16,0.677583,8Y,8.000000,adult,005A,005A,M,8,,true,005A,
dataset/raw_audio/AudioCropped/8Y-005A-M1-05.wav,data/meowagenet/official-3d02295bef15/AudioCropped/8Y-005A-M1-05.wav,8Y-005A-M1-05.wav,d21dc2a4d45325e8113887a872e5b54e87690b17,597b3c9d3e3ff10467e0325010f0558543961becd9806793463af20bd386e7ae,63904,48000,1,16,0.664229,8Y,8.000000,adult,005A,005A,M,8,,true,005A,
dataset/raw_audio/AudioCropped/8Y-005A-M1-06.wav,data/meowagenet/official-3d02295bef15/AudioCropped/8Y-005A-M1-06.wav,8Y-005A-M1-06.wav,fc3725a1b0d6b4352452a1212bf8c80ce4a5d40e,bdc5e182ba015a96f1953228ecaaf54f26c6c5b7b97c0d9fe8083bf17fca0a76,53118,48000,1,16,0.551875,8Y,8.000000,adult,005A,005A,M,8,,true,005A,
dataset/raw_audio/AudioCropped/8Y-005A-M2-01.wav,data/meowagenet/official-3d02295bef15/AudioCropped/8Y-005A-M2-01.wav,8Y-005A-M2-01.wav,aed5d7914dfb483364b7cde80bec36be55d8a728,1f12ec562edce14f82ee0d8542ac1946c118608667deecd1dd37673fadde71e1,67120,48000,1,16,0.697729,8Y,8.000000,adult,005A,005A,M,8,,true,005A,
dataset/raw_audio/AudioCropped/8Y-005A-M2-02.wav,data/meowagenet/official-3d02295bef15/AudioCropped/8Y-005A-M2-02.wav,8Y-005A-M2-02.wav,8b55366f297c71afc68ff46430c98a568273d584,130ee0dcd15ef964f2dae0e214047ee2a5469fda2c814aaf39aa684441c2d8df,50252,48000,1,16,0.522021,8Y,8.000000,adult,005A,005A,M,8,,true,005A,
dataset/raw_audio/AudioCropped/8Y-005A-M2-03.wav,data/meowagenet/official-3d02295bef15/AudioCropped/8Y-005A-M2-03.wav,8Y-005A-M2-03.wav,13087b2174573721e371d013b973b38073919260,b4af70538a3671847b4b18bdd7fa59ef754545c4609be6c518f78e7dc4f9938b,142774,48000,1,16,1.485792,8Y,8.000000,adult,005A,005A,M,8,,true,005A,
dataset/raw_audio/AudioCropped/8Y-020AB-M10-01.wav,data/meowagenet/official-3d02295bef15/AudioCropped/8Y-020AB-M10-01.wav,8Y-020AB-M10-01.wav,c0885cdcfd924c94807c8ed24eeb6b5b4ef0cfa7,6157beeb24caf08393132b5bbf8d2e35597376b99121f2e8c77f6f8dd7f4c64d,68858,48000,1,16,0.716812,8Y,8.000000,adult,020AB,020A,M,8,,true,020A,cat_token_020AB_mapped_to_020A
dataset/raw_audio/AudioCropped/8Y-020AB-M11-01.wav,data/meowagenet/official-3d02295bef15/AudioCropped/8Y-020AB-M11-01.wav,8Y-020AB-M11-01.wav,8b4c338a54b5fa930b7c3517a0416772916ec0a3,bcefad8a871aa65a879607bebd72a63ce05b1a85cb9d3817c031d2b11e39b64b,51154,48000,1,16,0.532396,8Y,8.000000,adult,020AB,020A,M,8,,true,020A,cat_token_020AB_mapped_to_020A
dataset/raw_audio/AudioCropped/8Y-020AB-M2-01.wav,data/meowagenet/official-3d02295bef15/AudioCropped/8Y-020AB-M2-01.wav,8Y-020AB-M2-01.wav,f192e368634fec30b1058d7e6e01929069cb0e0f,4f57807a2b9162d937cc34a6ee2fb10059a2888b2290d910fe10da15c61833a6,88848,48000,1,16,0.924063,8Y,8.000000,adult,020AB,020A,M,8,,true,020A,cat_token_020AB_mapped_to_020A
dataset/raw_audio/AudioCropped/8Y-020AB-M2-02.wav,data/meowagenet/official-3d02295bef15/AudioCropped/8Y-020AB-M2-02.wav,8Y-020AB-M2-02.wav,d8d3750d88147e9407a95c1dd13437b29f859138,dd7b08ac1f0203d3de6085c350fcee63622107b9d187671b0f90e1ea43aa9157,195954,48000,1,16,2.039750,8Y,8.000000,adult,020AB,020A,M,8,,true,020A,cat_token_020AB_mapped_to_020A
dataset/raw_audio/AudioCropped/8Y-020AB-M3-01.wav,data/meowagenet/official-3d02295bef15/AudioCropped/8Y-020AB-M3-01.wav,8Y-020AB-M3-01.wav,bad4ffea650ad8dcc3486cbbc8a24a675b203c19,e8828d39072892fcc007467e951737c69d2d0d68bb524b38d53cdf8639c0ba17,44360,48000,1,16,0.460646,8Y,8.000000,adult,020AB,020A,M,8,,true,020A,cat_token_020AB_mapped_to_020A
dataset/raw_audio/AudioCropped/8Y-020AB-M3-02.wav,data/meowagenet/official-3d02295bef15/AudioCropped/8Y-020AB-M3-02.wav,8Y-020AB-M3-02.wav,229b0b613843077b3e0a420e4d359b3687f62bbd,0c9c3cbaa3a4921282b2d3961cc0280f364860e6c0af7659dc929f1eb31582b4,69298,48000,1,16,0.720417,8Y,8.000000,adult,020AB,020A,M,8,,true,020A,cat_token_020AB_mapped_to_020A
dataset/raw_audio/AudioCropped/8Y-020AB-M4-01.wav,data/meowagenet/official-3d02295bef15/AudioCropped/8Y-020AB-M4-01.wav,8Y-020AB-M4-01.wav,7573d7eba193964edba28d570c6d01504813acb1,92764656d587e55c1a4b12717adf0800073031e7f30ffce09b8bac68b37d0c36,46968,48000,1,16,0.488792,8Y,8.000000,adult,020AB,020A,M,8,,true,020A,cat_token_020AB_mapped_to_020A
dataset/raw_audio/AudioCropped/8Y-020AB-M5-01.wav,data/meowagenet/official-3d02295bef15/AudioCropped/8Y-020AB-M5-01.wav,8Y-020AB-M5-01.wav,8a87382fb8199e4917c6dae47c35e537fe59ad20,1ffa7b296d914235b72b6d7ed473b631ff6abd805b30fd198b7e5539e1fc781d,55184,48000,1,16,0.573396,8Y,8.000000,adult,020AB,020A,M,8,,true,020A,cat_token_020AB_mapped_to_020A
dataset/raw_audio/AudioCropped/8Y-020AB-M5-02.wav,data/meowagenet/official-3d02295bef15/AudioCropped/8Y-020AB-M5-02.wav,8Y-020AB-M5-02.wav,33bed78c74c9a78fe47db45abb0188ade19b6214,20417a6edbb4de9a35ea8116cfd13002dc04737e97ef498c16308d8faf2e6c4d,67174,48000,1,16,0.698292,8Y,8.000000,adult,020AB,020A,M,8,,true,020A,cat_token_020AB_mapped_to_020A
dataset/raw_audio/AudioCropped/8Y-020AB-M5-03.wav,data/meowagenet/official-3d02295bef15/AudioCropped/8Y-020AB-M5-03.wav,8Y-020AB-M5-03.wav,d558500558a0ab5ce37200da15d2db7cba09137f,60756cc4dc540a72be06a24667c8851c99b57d2ba53f7757bafda098bdc3aa90,60044,48000,1,16,0.624021,8Y,8.000000,adult,020AB,020A,M,8,,true,020A,cat_token_020AB_mapped_to_020A
dataset/raw_audio/AudioCropped/8Y-020AB-M6-01.wav,data/meowagenet/official-3d02295bef15/AudioCropped/8Y-020AB-M6-01.wav,8Y-020AB-M6-01.wav,f4a9483452f6de04f14bd8b7cde74e77513f13bf,9685d1ba4c647b7655c41af4ac2b0c41c5e99dd02b4dd8ec1be179b42c5c8ec6,75968,48000,1,16,0.789896,8Y,8.000000,adult,020AB,020A,M,8,,true,020A,cat_token_020AB_mapped_to_020A
dataset/raw_audio/AudioCropped/8Y-020AB-M6-02.wav,data/meowagenet/official-3d02295bef15/AudioCropped/8Y-020AB-M6-02.wav,8Y-020AB-M6-02.wav,12ed651d27205cb077d221fe282462eb5eab9963,897f152842d3d53935c331fe600d249c1eaca521da8b490a3872a3ec007c2a99,76366,48000,1,16,0.794042,8Y,8.000000,adult,020AB,020A,M,8,,true,020A,cat_token_020AB_mapped_to_020A
dataset/raw_audio/AudioCropped/8Y-020AB-M6-03.wav,data/meowagenet/official-3d02295bef15/AudioCropped/8Y-020AB-M6-03.wav,8Y-020AB-M6-03.wav,7911a8ddbb38e57e82619adad7f0504562b4bc79,51c14020c7064de4f550624e0c7f02375596af91d09d466260b51173817d8c57,86194,48000,1,16,0.896417,8Y,8.000000,adult,020AB,020A,M,8,,true,020A,cat_token_020AB_mapped_to_020A
dataset/raw_audio/AudioCropped/8Y-020AB-M6-04.wav,data/meowagenet/official-3d02295bef15/AudioCropped/8Y-020AB-M6-04.wav,8Y-020AB-M6-04.wav,ccc63fa1bc0fdaad5dd5e2e7a82f675767a05433,5a2b95931f6705635db94921c864116c3ec68ec0536c79c67d2fa432fb3d377e,46420,48000,1,16,0.482104,8Y,8.000000,adult,020AB,020A,M,8,,true,020A,cat_token_020AB_mapped_to_020A
dataset/raw_audio/AudioCropped/8Y-020AB-M7-01.wav,data/meowagenet/official-3d02295bef15/AudioCropped/8Y-020AB-M7-01.wav,8Y-020AB-M7-01.wav,b38b851069019a854ea519b2e407b73151387901,d0331591c0e6c13792c97239e3aa08e318aada2ca7a51a17333fe5b9363ce01a,64090,48000,1,16,0.666167,8Y,8.000000,adult,020AB,020A,M,8,,true,020A,cat_token_020AB_mapped_to_020A
dataset/raw_audio/AudioCropped/8Y-020AB-M7-02.wav,data/meowagenet/official-3d02295bef15/AudioCropped/8Y-020AB-M7-02.wav,8Y-020AB-M7-02.wav,bf0698bcb7da5c08c7f494080e640478e965dc91,28442696d866ba7391f052d948f4e3ffa05804ea167d8082223fbdd8fb564460,54354,48000,1,16,0.564750,8Y,8.000000,adult,020AB,020A,M,8,,true,020A,cat_token_020AB_mapped_to_020A
dataset/raw_audio/AudioCropped/8Y-020AB-M8-01.wav,data/meowagenet/official-3d02295bef15/AudioCropped/8Y-020AB-M8-01.wav,8Y-020AB-M8-01.wav,7517eed1de29a96b19e27d57b16cff37db6bb63e,089960f4cb05d8db7ec2198519914cf36ad1d7d0030d74a82a4c63dba7b03c1f,61562,48000,1,16,0.639833,8Y,8.000000,adult,020AB,020A,M,8,,true,020A,cat_token_020AB_mapped_to_020A
dataset/raw_audio/AudioCropped/8Y-020AB-M8-02.wav,data/meowagenet/official-3d02295bef15/AudioCropped/8Y-020AB-M8-02.wav,8Y-020AB-M8-02.wav,c48f6440b5b1cb1e729aa1de86803ae9ab7f0405,02065a229e37f6c48a8a8fef6f456912dfe5a75abcc7a33972a0e9a9e987419e,61906,48000,1,16,0.643417,8Y,8.000000,adult,020AB,020A,M,8,,true,020A,cat_token_020AB_mapped_to_020A
dataset/raw_audio/AudioCropped/8Y-020AB-M9-01.wav,data/meowagenet/official-3d02295bef15/AudioCropped/8Y-020AB-M9-01.wav,8Y-020AB-M9-01.wav,488a88c458d400fcde0a1a93cdf77d7e50bcc2f7,eedb6f0c406297a24b72646b40e5a2aaa864ed088c7a719c1d4efcc169cbf4f2,16012,48000,1,16,0.165354,8Y,8.000000,adult,020AB,020A,M,8,,true,020A,cat_token_020AB_mapped_to_020A
dataset/raw_audio/AudioCropped/8Y-020AB-M9-02.wav,data/meowagenet/official-3d02295bef15/AudioCropped/8Y-020AB-M9-02.wav,8Y-020AB-M9-02.wav,60537523ec668026e3064b9d8cfe58f57fd9eb00,5b8de3d89cebd3a0bef104951365359efa843abcc802f1a598d1eea5f67d1854,32126,48000,1,16,0.333208,8Y,8.000000,adult,020AB,020A,M,8,,true,020A,cat_token_020AB_mapped_to_020A
dataset/raw_audio/AudioCropped/8Y-102A-M1-SV-01.wav,data/meowagenet/official-3d02295bef15/AudioCropped/8Y-102A-M1-SV-01.wav,8Y-102A-M1-SV-01.wav,e80a96c9a4dbcfac4f8d882ba9d1df363c523dd6,dae213ad4b168d9ced158c998ce29381a43931bf07e81699bd8405e29f0cd27d,80236,48000,1,16,0.834313,8Y,8.000000,adult,102A,102A,M,8,,true,102A,
dataset/raw_audio/AudioCropped/8Y-102A-M1-SV-02.wav,data/meowagenet/official-3d02295bef15/AudioCropped/8Y-102A-M1-SV-02.wav,8Y-102A-M1-SV-02.wav,31cf0397f6f495f65bdf69d1f8b464b0b4be8651,4741885a812cb81ef61578846da44279e5cf6a514b7c74e21a1c200319c8a6f0,62382,48000,1,16,0.648333,8Y,8.000000,adult,102A,102A,M,8,,true,102A,
dataset/raw_audio/AudioCropped/9Y-052A-F-01.wav,data/meowagenet/official-3d02295bef15/AudioCropped/9Y-052A-F-01.wav,9Y-052A-F-01.wav,f6c2f98f1c5505a6e209f1e76452c28609ccfcdd,bc7b290900f2d0d82696b7fd7f3099a9d37f162390c911d8f9ebfae67c9d8c77,242162,96000,1,16,1.260292,9Y,9.000000,adult,052A,052A,F,9,,true,052A,
dataset/raw_audio/AudioCropped/9Y-052A-F-02.wav,data/meowagenet/official-3d02295bef15/AudioCropped/9Y-052A-F-02.wav,9Y-052A-F-02.wav,80733fb9725a08ee110c3bb2176ed138b4e25901,3f060efdfcc615c896875cbb103a9966e8aeacd70928b0ad66d2cac3a968f44e,247860,96000,1,16,1.289969,9Y,9.000000,adult,052A,052A,F,9,,true,052A,
